case_id,duration_seconds,teaching_experience,gender,age_group,first_submission_mastery,rubric_clear_aligned,feedback_specific_relevant,feedback_helped_improve,feedback_timely,overall_feedback_quality,most_valuable_text,improvement_text,prior_ai_experience,ai_awareness,ai_comfort,ai_as_useful_as_human,preferred_feedback_model,additional_ai_comments,duration_minutes,duration_flag,rubric_clear_aligned_num,feedback_specific_relevant_num,feedback_helped_improve_num,feedback_timely_num,feedback_experience,feedback_experience_3item,feedback_experience_maximum,feedback_experience_3item_maximum
L001,116,11-20 years,Female,31-40,"Yes, I did.",Somewhat agree,Strongly agree,Strongly agree,Somewhat agree,Good,NA,NA,Some experience,"Yes, fully aware",Neither agree nor disagree,Somewhat disagree,AI provides initial feedback; human instructor reviews every submission before grades are final.,NA,1.9333333333333331,1 to under 2 minutes,4,5,5,4,4.5,4.333333333333333,FALSE,FALSE
L002,101,4-10 years,Female,41-50,"Yes, I did.",Strongly agree,Strongly agree,Strongly agree,Somewhat agree,Excellent,NA,NA,No experience,Not aware at all,Somewhat agree,Somewhat disagree,Human instructor grades everything; AI is only used as a support tool for the instructor.,NA,1.6833333333333331,1 to under 2 minutes,5,5,5,4,4.75,4.666666666666667,FALSE,FALSE
L003,587,20+ years,Female,50+,"No, I didn't.",Strongly agree,Strongly agree,Strongly agree,Somewhat agree,Good,NA,NA,Some experience,"Yes, fully aware",Strongly agree,Somewhat agree,Human instructor grades everything; AI is only used as a support tool for the instructor.,NA,9.783333333333331,Not flagged,5,5,5,4,4.75,4.666666666666667,FALSE,FALSE
L004,247,4-10 years,Male,41-50,"No, I didn't.",Strongly agree,Strongly agree,Strongly agree,Strongly agree,Excellent,It gave me good information in order to make sure I was being more specific and looking at things more in depth.,I think having the AI grade the first assignment would set a better standard for the other 3 lessons.,Minimal experience,"Yes, fully aware",Strongly agree,Strongly agree,AI provides initial feedback; human instructor reviews every submission before grades are final.,NA,4.116666666666666,Not flagged,5,5,5,5,5,5,TRUE,TRUE
L005,234,0-3 years,Female,<30,"No, I didn't.",Strongly agree,Neither agree nor disagree,Neither agree nor disagree,Somewhat agree,Fair,"Can be effective if implemented correctly, save time for professors.","The system was touchy and I had to submit several times, even past the due date, which was frustrating.",Minimal experience,"Yes, fully aware",Somewhat disagree,Somewhat disagree,Human instructor grades everything; AI is only used as a support tool for the instructor.,NA,3.9,Not flagged,5,3,3,4,3.75,4,FALSE,FALSE
L006,132,20+ years,Female,41-50,"Yes, I did.",Strongly agree,Strongly agree,Strongly agree,Somewhat agree,Excellent,The feeback was very specific.,Nothing,No experience,"Yes, fully aware",Strongly agree,Neither agree nor disagree,I have no preference.,The response was very specific. I really liked that.,2.2,Not flagged,5,5,5,4,4.75,4.666666666666667,FALSE,FALSE
L007,103,4-10 years,Female,50+,"No, I didn't.",Strongly agree,Strongly agree,Strongly agree,Strongly agree,Excellent,NA,NA,Minimal experience,"Yes, fully aware",Somewhat agree,Somewhat agree,Human instructor grades everything; AI is only used as a support tool for the instructor.,NA,1.7166666666666666,1 to under 2 minutes,5,5,5,5,5,5,TRUE,TRUE
L008,173,20+ years,Female,41-50,"Yes, I did.",Neither agree nor disagree,Strongly agree,Strongly agree,Strongly agree,Excellent,So you can learn from what you need improvement on,None,No experience,"Yes, fully aware",Strongly agree,Somewhat disagree,AI provides initial feedback; human instructor reviews every submission before grades are final.,NA,2.8833333333333333,Not flagged,3,5,5,5,4.5,4.333333333333333,FALSE,FALSE
L009,1743,20+ years,Female,50+,Unsure,Strongly agree,Somewhat agree,Strongly agree,Somewhat disagree,Good,NA,The most important part that I considered needs improvement in this platform is for professors to provide feedback in a timely manner. This will help students improve in their assignments. When a student submit an assignment right away before the due date. The main goal is to have that feedback and make corrections on time learning from the experience. Is very stressful for students that are currently working and being responsible submitting their assignments on time and waiting on professor to finally send feedback the late night before is due. This means only providing one working day and due before midnight. In my scenario I will be teaching my students that day and waiting for dismissal to then be able to make corrections and waiting to see if my assignment received a mastery. Stressful making corrections the same day is due. But I did it because I wanted to learn to become a better teacher during my instruction. Regardless of the platform I push myself to achieve my personal goals.,Some experience,"Yes, fully aware",Strongly agree,Strongly agree,AI provides initial feedback; human instructor reviews every submission before grades are final.,I was happy to be received my feedback in a timely manner by the AI. This provided me with plenty of time to concentrate in the next assignment.,29.05,Not flagged,5,4,5,2,4,4,FALSE,FALSE
L010,391,11-20 years,Female,41-50,"Yes, I did.",Strongly agree,Somewhat agree,Somewhat agree,Somewhat agree,Excellent,"The most valuable aspect of the grading and feedback process for this assignment was the clear guidance I received on what I needed to improve. The feedback helped me understand exactly where I made mistakes, especially in formatting and calculations, and that allowed me to correct my work more accurately. I found it really helpful that the comments were specific because they showed me how to apply the concepts correctly instead of just telling me something was wrong. This made it easier for me to learn from the assignment and feel more confident in my work moving forward.","I think my learning experience would improve if the grading and feedback included a few more examples of the correct format or calculations. Sometimes I understand that something is wrong, but seeing a quick example helps me fully understand how to fix it. I would also benefit from a little more detailed explanation in certain areas, especially when it comes to formulas or steps in the process. Overall, clearer step-by-step guidance and examples would help me learn faster and feel more confident when completing future assignments.",Extensive experience,"Yes, fully aware",Strongly agree,Strongly agree,AI provides initial feedback; human instructor reviews every submission before grades are final.,"I have found AI to be very helpful in my learning process, especially when I need extra explanations or examples outside of class. I use it to better understand concepts, check my work, and guide me step by step when I feel stuck. As a student balancing work and family, having that support available at any time has made a big difference for me. At the same time, I still rely on my instructor’s feedback to make sure I am meeting the course expectations. For me, AI works best as a support tool that helps me learn and improve, not as a replacement for instruction.",6.516666666666667,Not flagged,5,4,4,4,4.25,4.333333333333333,FALSE,FALSE
L011,158,0-3 years,Female,31-40,"Yes, I did.",Strongly agree,Strongly agree,Strongly agree,Strongly agree,Good,Knowing what I did well and what ideas shared were good and why.,None,No experience,"Yes, fully aware",Strongly agree,Strongly agree,AI provides all feedback; human instructor reviews only disputed grades.,"Im pleased, went well.",2.6333333333333333,Not flagged,5,5,5,5,5,5,TRUE,TRUE
L012,322,11-20 years,Female,31-40,"Yes, I did.",Strongly agree,Strongly agree,Strongly agree,Strongly agree,Excellent,N/A,N/A,Some experience,"Yes, fully aware",Neither agree nor disagree,Neither agree nor disagree,I have no preference.,N/A,5.366666666666666,Not flagged,5,5,5,5,5,5,TRUE,TRUE
L013,299,11-20 years,Female,31-40,"Yes, I did.",Strongly agree,Strongly agree,Strongly agree,Strongly agree,Excellent,Specific guidelines from my evaluator and her feedback.,N/A,Some experience,"Yes, fully aware",Somewhat agree,Somewhat disagree,Human instructor grades everything; AI is only used as a support tool for the instructor.,NA,4.983333333333333,Not flagged,5,5,5,5,5,5,TRUE,TRUE
L014,358,0-3 years,Female,<30,"Yes, I did.",Strongly agree,Strongly agree,Strongly agree,Strongly agree,Excellent,"El aspecto más valioso fue la claridad de la retroalimentación, ya que permitió entender exactamente qué se hizo bien y en qué se podía mejorar. Esto facilitó el aprendizaje y ayudó a aplicar mejor los conceptos en la práctica.","Sería útil recibir la retroalimentación de manera más detallada y, si es posible, con ejemplos específicos. También ayudaría que se entregue más rápido, para poder aplicar las mejoras en las siguientes actividades.",Extensive experience,Not aware at all,Strongly agree,Strongly agree,Human instructor grades everything; AI is only used as a support tool for the instructor.,"En general, mi experiencia ha sido positiva. La IA ha sido una herramienta útil para reforzar el aprendizaje, aclarar dudas y mejorar la comprensión de los temas. Me gustaría que se siga integrando de manera práctica en las actividades, con más ejemplos aplicados y orientación sobre su uso adecuado para aprovecharla al máximo.",5.966666666666667,Not flagged,5,5,5,5,5,5,TRUE,TRUE
L015,121,11-20 years,Female,31-40,"Yes, I did.",Strongly agree,Strongly agree,Strongly agree,Strongly agree,Excellent,It was done in a timely manner and on one of my assignments I was able to go back and fix it.,none at the moment,No experience,"Yes, fully aware",Somewhat agree,Somewhat agree,Human instructor grades everything; AI is only used as a support tool for the instructor.,"no, not at the moment",2.0166666666666666,Not flagged,5,5,5,5,5,5,TRUE,TRUE
L016,102,11-20 years,Female,31-40,"Yes, I did.",Strongly agree,Strongly agree,Strongly agree,Strongly agree,Excellent,New ideas on how to extend curriculum,NA,Some experience,"Yes, fully aware",Neither agree nor disagree,Neither agree nor disagree,AI provides initial feedback; human instructor reviews every submission before grades are final.,NA,1.7,1 to under 2 minutes,5,5,5,5,5,5,TRUE,TRUE
L017,76,4-10 years,Female,31-40,"Yes, I did.",Strongly agree,Strongly agree,Strongly agree,Strongly agree,Excellent,NA,NA,Some experience,"Yes, fully aware",Strongly agree,Strongly agree,I have no preference.,NA,1.2666666666666666,1 to under 2 minutes,5,5,5,5,5,5,TRUE,TRUE
L018,380,4-10 years,Female,31-40,"No, I didn't.",Strongly agree,Strongly agree,Strongly agree,Strongly agree,Excellent,Everything,Yes,Extensive experience,"Yes, fully aware",Strongly agree,Strongly agree,AI provides all feedback; human instructor reviews only disputed grades.,NA,6.333333333333333,Not flagged,5,5,5,5,5,5,TRUE,TRUE
L019,87639,0-3 years,Female,50+,"Yes, I did.",Strongly agree,Strongly agree,Strongly agree,Strongly agree,Excellent,"The grading response time was on time, and the comments were specific and easy to understand.",I would not make any changes.,No experience,"Yes, fully aware",Strongly agree,Somewhat agree,Human instructor grades everything; AI is only used as a support tool for the instructor.,No,1460.65,Over 1 hour,5,5,5,5,5,5,TRUE,TRUE
L020,260,11-20 years,Female,31-40,"Yes, I did.",Strongly agree,Strongly agree,Strongly agree,Strongly agree,Good,NA,NA,No experience,"Yes, fully aware",Strongly agree,Somewhat agree,I have no preference.,No,4.333333333333333,Not flagged,5,5,5,5,5,5,TRUE,TRUE
L021,378,4-10 years,Female,<30,"Yes, I did.",Strongly agree,Strongly agree,Strongly agree,Strongly agree,Excellent,Seeing what else I can do to better my work,N/A,Some experience,Not aware at all,Somewhat agree,Somewhat agree,Human instructor grades everything; AI is only used as a support tool for the instructor.,"I love the work of AI and how much it can help us in this society. I don’t want more work on an instructor, but it becomes very infuriating when you get an automatic 0 for an assignment that you worked hard on but the AI system that checks your work you guys use have said it’s AI work. So then I have to go through the hassle of begging for the instructor to review my work and asking for a way to prove that I’ve worked for so long on, and wait for their response and then get not nice responses back saying they will accept it this one time. That’s when I don’t like AI & I wish students didn’t even have it. Now we have robots looking at work and telling instructors it’s the robots work. Based off of what?",6.3,Not flagged,5,5,5,5,5,5,TRUE,TRUE
L022,125,20+ years,Female,50+,"Yes, I did.",Strongly agree,Strongly agree,Strongly agree,Strongly agree,Excellent,NA,NA,Minimal experience,"Yes, fully aware",Strongly agree,Strongly agree,AI provides all feedback; human instructor reviews only disputed grades.,NA,2.0833333333333335,Not flagged,5,5,5,5,5,5,TRUE,TRUE
L023,139,11-20 years,Female,41-50,"Yes, I did.",Strongly agree,Strongly agree,Strongly agree,Strongly agree,Excellent,That it gave us information to make changes and think differently,I think it was good,No experience,Not aware at all,Neither agree nor disagree,Neither agree nor disagree,I have no preference.,Im not familiar with it but I will look into it.,2.316666666666667,Not flagged,5,5,5,5,5,5,TRUE,TRUE
L024,224,20+ years,Female,50+,"No, I didn't.",Somewhat agree,Somewhat agree,Strongly agree,Somewhat agree,Good,NA,NA,Some experience,"Yes, fully aware",Somewhat agree,Somewhat agree,AI provides initial feedback; human instructor reviews every submission before grades are final.,NA,3.7333333333333334,Not flagged,4,4,5,4,4.25,4.333333333333333,FALSE,FALSE
L025,68,0-3 years,Female,31-40,"Yes, I did.",Strongly agree,Strongly agree,Strongly agree,Strongly agree,Excellent,Na,Na,Minimal experience,"Yes, fully aware",Strongly agree,Strongly agree,AI provides all feedback; human instructor reviews only disputed grades.,Na,1.1333333333333333,1 to under 2 minutes,5,5,5,5,5,5,TRUE,TRUE
L026,484,11-20 years,Female,41-50,"Yes, I did.",Strongly agree,Strongly agree,Strongly agree,Strongly agree,Excellent,Professional feedback,NA,No experience,"Yes, fully aware",Strongly agree,Strongly agree,I have no preference.,NA,8.066666666666666,Not flagged,5,5,5,5,5,5,TRUE,TRUE
L027,525,20+ years,Female,41-50,"Yes, I did.",Somewhat agree,Somewhat agree,Strongly agree,Strongly agree,Good,I think even though the micro credentials is kind of hard work and very long the feed back makes you realize where are strong points and the weak ones. And how can I improve much more in different settings,"Yes , no one would like to be returned and graded again in my case I had to give more information in some areas that needed more explanation",Minimal experience,Not aware at all,Neither agree nor disagree,Neither agree nor disagree,Human instructor grades everything; AI is only used as a support tool for the instructor.,I think AI can be helpful in certain areas but depending too much on it does not help us to be critical thinkers. I prefer the old way to be valued in work not artificial intelligence,8.75,Not flagged,4,4,5,5,4.5,4.666666666666667,FALSE,FALSE
L028,67,4-10 years,Female,31-40,"Yes, I did.",Strongly agree,Strongly agree,Strongly agree,Strongly agree,Excellent,NA,NA,Some experience,"Yes, fully aware",Strongly agree,Strongly agree,I have no preference.,NA,1.1166666666666667,1 to under 2 minutes,5,5,5,5,5,5,TRUE,TRUE
L029,150,11-20 years,Female,50+,"Yes, I did.",Strongly agree,Strongly agree,Strongly agree,Strongly agree,Excellent,It was concise and highlighted what was mastered and gave suggestions to make it even better.,NA,Minimal experience,"Yes, fully aware",Somewhat agree,Somewhat agree,AI provides initial feedback; human instructor reviews every submission before grades are final.,NA,2.5,Not flagged,5,5,5,5,5,5,TRUE,TRUE
L030,283,20+ years,Female,41-50,"Yes, I did.",Strongly agree,Strongly agree,Somewhat agree,Somewhat agree,Excellent,The feedback provided was specific to my assignment but didn't really go into detail about how to improve or enhance the lesson.,More detailed explanations of how to implement changes or improvements.,Some experience,"Yes, fully aware",Somewhat disagree,Somewhat disagree,Human instructor grades everything; AI is only used as a support tool for the instructor.,"I think AI needs to be introduced more slowly into education, especially at the Preschool level. I see many young and newer teachers using AI to create lessons, but they don't have the experience to know when the information they are getting is incomplete or wrong. I also see parents use it to get answers to questions that are better answered by teachers, who interact with their children every day.",4.716666666666667,Not flagged,5,5,4,4,4.5,4.333333333333333,FALSE,FALSE
L031,319,20+ years,Female,41-50,Unsure,Strongly agree,Strongly agree,Strongly agree,Strongly agree,Excellent,I liked how the instructor provided explicit feedback on elements that may have been overlooked.,N/A,No experience,"Yes, fully aware",Somewhat agree,Somewhat agree,AI provides initial feedback; human instructor reviews every submission before grades are final.,N/A,5.316666666666666,Not flagged,5,5,5,5,5,5,TRUE,TRUE
L032,184,20+ years,Female,41-50,"Yes, I did.",Strongly agree,Strongly agree,Strongly agree,Strongly agree,Excellent,It was very clear.,None,No experience,"Yes, fully aware",Strongly agree,Strongly disagree,I have no preference.,AI model was very detailed with my response. I thought that was really cool. It pulled from my examples.,3.066666666666667,Not flagged,5,5,5,5,5,5,TRUE,TRUE
L033,166,4-10 years,Female,50+,"Yes, I did.",Somewhat agree,Strongly agree,Strongly agree,Strongly agree,Excellent,Being on time and including detail,None,No experience,Not aware at all,Neither agree nor disagree,Somewhat disagree,Human instructor grades everything; AI is only used as a support tool for the instructor.,NA,2.7666666666666666,Not flagged,4,5,5,5,4.75,4.666666666666667,FALSE,FALSE
L034,247,20+ years,Female,50+,"Yes, I did.",Strongly agree,Strongly agree,Strongly agree,Strongly agree,Excellent,"I received very clear feedback, that allowed me to further the assignment within my classroom.",N/A,No experience,"Yes, fully aware",Somewhat agree,Somewhat agree,Human instructor grades everything; AI is only used as a support tool for the instructor.,N/A,4.116666666666666,Not flagged,5,5,5,5,5,5,TRUE,TRUE
L035,138,11-20 years,Female,41-50,"Yes, I did.",Strongly agree,Strongly agree,Strongly agree,Strongly agree,Excellent,Na,Na,Extensive experience,"Yes, fully aware",Strongly agree,Strongly agree,AI provides all feedback; human instructor reviews only disputed grades.,Na,2.3,Not flagged,5,5,5,5,5,5,TRUE,TRUE
L036,178,0-3 years,Female,<30,"Yes, I did.",Strongly agree,Strongly agree,Strongly agree,Somewhat agree,Excellent,The personalized feedback with specific information about your progress and tips on how to improve,NA,Minimal experience,"Yes, fully aware",Strongly agree,Somewhat agree,AI provides initial feedback; human instructor reviews every submission before grades are final.,NA,2.966666666666667,Not flagged,5,5,5,4,4.75,4.666666666666667,FALSE,FALSE
L037,248,20+ years,Female,50+,"Yes, I did.",Strongly agree,Strongly agree,Strongly agree,Strongly agree,Excellent,"The most valuable aspect of the grading and feedback process was receiving specific and constructive feedback that helped me reflect on my work and deepen my understanding of the concepts. The comments provided clear guidance on my strengths as well as areas for growth, making the learning process meaningful and encouraging continuous improvement.","Overall, I found the grading and feedback process helpful and supportive. One improvement could be providing examples or additional explanations for areas that need revision, as this would further enhance understanding and application of the concepts. Otherwise, the feedback was clear, timely, and valuable for my professional growth.",Some experience,"Yes, fully aware",Strongly agree,Strongly agree,AI provides initial feedback; human instructor reviews every submission before grades are final.,"This experience has helped me see AI as a valuable support tool for both educators and learners. It has encouraged deeper reflection, creativity, and efficiency while allowing me to focus more on what truly matters: observing, guiding, and connecting with children. While AI offers many possibilities, I believe the heart of education will always remain human relationships, curiosity, and the joy of learning. Used thoughtfully, AI can help us become better educators while preserving those essential values.",4.133333333333334,Not flagged,5,5,5,5,5,5,TRUE,TRUE
L038,191,0-3 years,Female,31-40,"Yes, I did.",Strongly agree,Strongly agree,Strongly agree,Strongly agree,Excellent,Explanation,None,No experience,Not aware at all,Neither agree nor disagree,Neither agree nor disagree,I have no preference.,No,3.183333333333333,Not flagged,5,5,5,5,5,5,TRUE,TRUE
L039,114,11-20 years,Female,31-40,"Yes, I did.",Somewhat agree,Strongly agree,Somewhat agree,Somewhat agree,Good,NA,NA,Some experience,Somewhat aware,Somewhat agree,Somewhat agree,Human instructor grades everything; AI is only used as a support tool for the instructor.,NA,1.9,1 to under 2 minutes,4,5,4,4,4.25,4,FALSE,FALSE
L040,414,0-3 years,Female,50+,"Yes, I did.",Strongly agree,Strongly agree,Strongly agree,Strongly agree,Excellent,The instructor explained,Yes,Extensive experience,"Yes, fully aware",Strongly agree,Strongly agree,I have no preference.,NA,6.9,Not flagged,5,5,5,5,5,5,TRUE,TRUE
L041,54,4-10 years,Male,31-40,"Yes, I did.",Strongly agree,Strongly agree,Strongly agree,Strongly agree,Excellent,NA,NA,No experience,"Yes, fully aware",Strongly agree,Strongly agree,AI provides all feedback; human instructor reviews only disputed grades.,NA,0.9,Under 1 minute,5,5,5,5,5,5,TRUE,TRUE
L042,416,4-10 years,Female,31-40,"Yes, I did.",Strongly agree,Strongly agree,Strongly agree,Strongly agree,Excellent,"Estoy muy feliz al terminar mi curso de Emergente aquí aprendí a interactuar con los niños más, incluyendo más de 1 idioma, diferentes técnica y sobre todo cómo conectar con cada niño desde verbal y no verbal",Fue un reto y una bendición tomar este curso pero no le cambiaría nada fue perfecto y todo muy profesional,Minimal experience,Somewhat aware,Strongly agree,Strongly agree,AI provides all feedback; human instructor reviews only disputed grades.,Que me encanta y que en estos tiempos el IA ha evolucionado mucho,6.933333333333334,Not flagged,5,5,5,5,5,5,TRUE,TRUE
L043,71,0-3 years,Female,50+,"Yes, I did.",Strongly agree,Strongly agree,Strongly agree,Strongly agree,Excellent,How was explaining,Yes,Extensive experience,"Yes, fully aware",Strongly agree,Strongly agree,I have no preference.,NA,1.1833333333333331,1 to under 2 minutes,5,5,5,5,5,5,TRUE,TRUE
L044,182,0-3 years,Female,<30,"Yes, I did.",Strongly agree,Strongly agree,Strongly agree,Strongly agree,Excellent,The most valuable part of the grading and feedback process was seeing what I got right and what I need to work on. The feedback helped me learn from my mistakes and do better on future assignments.,More specific feedback on areas that need improvement would help me learn from my mistakes and improve my work in future assignments.,Minimal experience,Somewhat aware,Somewhat agree,Strongly agree,AI provides initial feedback; human instructor reviews every submission before grades are final.,"AI has been helpful for learning and understanding course material. It helps me when I need clarification or extra support, but I still use my own knowledge and judgment when completing assignments.",3.033333333333333,Not flagged,5,5,5,5,5,5,TRUE,TRUE
L045,63,4-10 years,Female,<30,"Yes, I did.",Strongly agree,Strongly agree,Strongly agree,Strongly agree,Excellent,NA,NA,No experience,Somewhat aware,Neither agree nor disagree,Somewhat agree,AI provides initial feedback; human instructor reviews every submission before grades are final.,NA,1.05,1 to under 2 minutes,5,5,5,5,5,5,TRUE,TRUE
L046,106,20+ years,Female,41-50,Unsure,Strongly agree,Strongly agree,Strongly agree,Somewhat agree,Excellent,NA,NA,Some experience,Somewhat aware,Strongly disagree,Somewhat disagree,Human instructor grades everything; AI is only used as a support tool for the instructor.,NA,1.7666666666666666,1 to under 2 minutes,5,5,5,4,4.75,4.666666666666667,FALSE,FALSE
L047,165,11-20 years,Female,31-40,"Yes, I did.",Strongly agree,Strongly agree,Strongly agree,Strongly agree,Excellent,I appreciated how the instructor gave feedback that praised my work along with giving new ideas on what I could do to improve my work.,"No changes, the grading and feedback process was very thorough and clear",No experience,"Yes, fully aware",Somewhat disagree,Somewhat disagree,Human instructor grades everything; AI is only used as a support tool for the instructor.,I would utilize AI to a certain extent but not to replace human interaction completely.,2.75,Not flagged,5,5,5,5,5,5,TRUE,TRUE
L048,292,0-3 years,Female,31-40,"Yes, I did.",Strongly agree,Strongly agree,Somewhat agree,Strongly agree,Excellent,Que me explicaran que realmente tenía que hacer en una actividad para lograr hacerla bien,NA,Minimal experience,"Yes, fully aware",Somewhat agree,Neither agree nor disagree,AI provides initial feedback; human instructor reviews every submission before grades are final.,NA,4.866666666666666,Not flagged,5,5,4,5,4.75,4.666666666666667,FALSE,FALSE
L049,657,20+ years,Female,50+,"Yes, I did.",Strongly agree,Strongly agree,Strongly agree,Strongly agree,Excellent,The feedback helped me understand my mistakes and improve my work before moving on to the next assignment.,Faster feedback and a few more examples would help me learn and improve more effectively.,Extensive experience,Somewhat aware,Strongly agree,Strongly agree,AI provides all feedback; human instructor reviews only disputed grades.,"AI can be a helpful tool for learning and finding information, but instructor feedback is still important for understanding and improving my work.",10.95,Not flagged,5,5,5,5,5,5,TRUE,TRUE
L050,161,0-3 years,Female,41-50,"Yes, I did.",Strongly agree,Strongly agree,Strongly agree,Strongly agree,Excellent,NA,NA,Some experience,"Yes, fully aware",Neither agree nor disagree,Somewhat agree,Human instructor grades everything; AI is only used as a support tool for the instructor.,NA,2.683333333333333,Not flagged,5,5,5,5,5,5,TRUE,TRUE
L051,124,20+ years,Female,41-50,"Yes, I did.",Strongly agree,Strongly agree,Strongly agree,Somewhat agree,Good,The valuable aspect about my grade is that the teacher was able to explain to me and also show me the corrections that I needed to correct and it was very helpful,NA,Some experience,"Yes, fully aware",Somewhat agree,Somewhat agree,AI provides initial feedback; human instructor reviews every submission before grades are final.,NA,2.066666666666667,Not flagged,5,5,5,4,4.75,4.666666666666667,FALSE,FALSE
L052,181,4-10 years,Female,41-50,"Yes, I did.",Somewhat agree,Strongly agree,Strongly agree,Somewhat disagree,Good,I appreciated the detailed responses on my all of my assignments but I could definitely tell when it was an AI response .,My turn around time wasn’t the best which made it hard,Minimal experience,"Yes, fully aware",Somewhat agree,Somewhat disagree,Human instructor grades everything; AI is only used as a support tool for the instructor.,No,3.0166666666666666,Not flagged,4,5,5,2,4,3.6666666666666665,FALSE,FALSE
L053,135,4-10 years,Female,31-40,"Yes, I did.",Strongly agree,Strongly agree,Strongly agree,Strongly agree,Excellent,I did struggle with one of the assignment assignments and Ruth very helpful to be able to reach out to the instructor for more clarification. I love that the Rubik’s are very detailed. It helps you ensure that you’re doing each assignment correctly the first time.,I like the greeting process I don’t think anything should be changed,No experience,"Yes, fully aware",Strongly agree,Somewhat disagree,Human instructor grades everything; AI is only used as a support tool for the instructor.,"AI can’t replace experienced instructors that have real world, classroom experience and firsthand experience",2.25,Not flagged,5,5,5,5,5,5,TRUE,TRUE
L054,491,11-20 years,Female,50+,"Yes, I did.",Strongly agree,Strongly agree,Strongly agree,Strongly agree,Excellent,"Grading and feedback were precise and very helpful to me, and they were very useful for applying what I learned in the classroom where I work.",Everything was good on this training,No experience,Not aware at all,Somewhat agree,Somewhat agree,AI provides initial feedback; human instructor reviews every submission before grades are final.,No,8.183333333333334,Not flagged,5,5,5,5,5,5,TRUE,TRUE
L055,318,11-20 years,Female,41-50,"Yes, I did.",Strongly agree,Strongly agree,Strongly agree,Strongly agree,Excellent,"The feedback highlighted both my strengths and areas for improvement, allowing me to better understand how effectively I implemented emergent literacy strategies. It provided guidance on ways to strengthen instruction, increase student engagement, and support children’s literacy development. This reflection process helped me grow professionally and gave me ideas that I can apply in future lessons and classroom activities.","While the feedback was helpful, examples of effective strategies or sample responses would provide additional clarity and help me better understand how to strengthen my practice. I would also appreciate opportunities for follow-up questions or discussion about the feedback so I can apply the suggestions more effectively in my classroom. Overall, the grading and feedback process was valuable and supported my professional growth.",Minimal experience,"Yes, fully aware",Strongly agree,Somewhat agree,I have no preference.,No,5.3,Not flagged,5,5,5,5,5,5,TRUE,TRUE
L056,149,0-3 years,Female,31-40,"Yes, I did.",Strongly agree,Strongly agree,Strongly agree,Strongly agree,Excellent,everything,na,No experience,"Yes, fully aware",Somewhat agree,Strongly agree,Human instructor grades everything; AI is only used as a support tool for the instructor.,no,2.4833333333333334,Not flagged,5,5,5,5,5,5,TRUE,TRUE
L057,145,0-3 years,Female,31-40,"Yes, I did.",Strongly agree,Strongly agree,Strongly agree,Strongly agree,Excellent,The thoroughness of the response,I had no issues,Minimal experience,"Yes, fully aware",Strongly agree,Strongly agree,AI provides initial feedback; human instructor reviews every submission before grades are final.,It was a fine experience for me,2.4166666666666665,Not flagged,5,5,5,5,5,5,TRUE,TRUE
L058,566,11-20 years,Female,50+,"No, I didn't.",Somewhat agree,Somewhat agree,Strongly agree,Somewhat agree,Good,They explain well where I need to do on this assignment and I understand why I need be more specific on the assignment.,"I think the process at this time is well, no changes need it .",Minimal experience,Somewhat aware,Somewhat agree,Neither agree nor disagree,AI provides initial feedback; human instructor reviews every submission before grades are final.,No at this time.,9.433333333333334,Not flagged,4,4,5,4,4.25,4.333333333333333,FALSE,FALSE
L059,231,20+ years,Female,50+,"Yes, I did.",Strongly agree,Strongly agree,Strongly agree,Strongly agree,Excellent,The teacher notes.,NA,Some experience,"Yes, fully aware",Somewhat agree,Somewhat agree,AI provides initial feedback; human instructor reviews every submission before grades are final.,NA,3.85,Not flagged,5,5,5,5,5,5,TRUE,TRUE
L060,132,11-20 years,Female,31-40,"Yes, I did.",Strongly agree,Strongly agree,Strongly agree,Strongly agree,Excellent,NA,NA,Some experience,"Yes, fully aware",Strongly agree,Somewhat agree,AI provides all feedback; human instructor reviews only disputed grades.,NA,2.2,Not flagged,5,5,5,5,5,5,TRUE,TRUE
L061,507,4-10 years,Female,<30,"Yes, I did.",Strongly agree,Strongly agree,Strongly agree,Strongly agree,Excellent,NA,NA,Some experience,"Yes, fully aware",Strongly agree,Strongly agree,I have no preference.,NA,8.45,Not flagged,5,5,5,5,5,5,TRUE,TRUE
L062,101,11-20 years,Female,50+,"Yes, I did.",Strongly agree,Strongly agree,Strongly agree,Somewhat agree,Good,NA,NA,Minimal experience,"Yes, fully aware",Somewhat agree,Somewhat agree,Human instructor grades everything; AI is only used as a support tool for the instructor.,NA,1.6833333333333331,1 to under 2 minutes,5,5,5,4,4.75,4.666666666666667,FALSE,FALSE
L063,114,20+ years,Female,50+,"No, I didn't.",Strongly agree,Strongly agree,Strongly agree,Somewhat agree,Good,NA,NA,Minimal experience,"Yes, fully aware",Strongly agree,Strongly agree,AI provides initial feedback; human instructor reviews every submission before grades are final.,NA,1.9,1 to under 2 minutes,5,5,5,4,4.75,4.666666666666667,FALSE,FALSE
L064,547,11-20 years,Female,31-40,"Yes, I did.",Somewhat agree,Strongly agree,Somewhat agree,Strongly agree,Good,"The most valuable aspect of the grading and feedback process for this assignment was receiving specific feedback on my strengths and areas for improvement. The feedback helped me better understand the expectations of the assignment, recognize what I did well, and identify skills I can continue to develop in future assignments. It also provided guidance that will help me improve the quality of my work moving forward.","I also appreciate detailed comments that explain why points were lost and provide examples for improvement, as this helps me better understand the material and strengthen my skills.And having a model in the future to show your students exactly what you are looking for in the assignment.",Minimal experience,"Yes, fully aware",Neither agree nor disagree,Strongly disagree,Human instructor grades everything; AI is only used as a support tool for the instructor.,"My experience with AI in teaching and learning has been positive overall. AI has been a helpful tool for generating ideas, improving my understanding of concepts, and supporting my learning process. However, I would not recommend using AI to grade assignments. Just as instructors encourage students to complete their own work rather than relying on AI, I believe grading should remain primarily in the hands of educators. Teachers can provide personalized feedback, understand context, and recognize student growth in ways that AI cannot fully replicate. AI can be a useful support tool, but human judgment is still important in the grading process.",9.116666666666667,Not flagged,4,5,4,5,4.5,4.333333333333333,FALSE,FALSE
L065,110,4-10 years,Female,31-40,"Yes, I did.",Strongly agree,Strongly agree,Strongly agree,Strongly agree,Excellent,The teachers feedbacm,Open grading,No experience,Somewhat aware,Strongly disagree,Strongly disagree,I have no preference.,N/a,1.8333333333333333,1 to under 2 minutes,5,5,5,5,5,5,TRUE,TRUE
L066,177,0-3 years,Female,50+,"Yes, I did.",Strongly agree,Strongly agree,Strongly agree,Strongly agree,Excellent,NA,NA,Extensive experience,"Yes, fully aware",Strongly agree,Strongly agree,AI provides all feedback; human instructor reviews only disputed grades.,NA,2.95,Not flagged,5,5,5,5,5,5,TRUE,TRUE
L067,829,20+ years,Female,50+,"Yes, I did.",Strongly agree,Strongly agree,Strongly agree,Strongly agree,Excellent,"For me, one aspect is having understood the importance of each comment in order to achieve the course objective",There would be very few changes; one would be more communication with the instructor.,Minimal experience,Not aware at all,Somewhat agree,Neither agree nor disagree,AI provides all feedback; human instructor reviews only disputed grades.,N/A,13.816666666666666,Not flagged,5,5,5,5,5,5,TRUE,TRUE
L068,378,0-3 years,Female,31-40,"Yes, I did.",Somewhat agree,Strongly agree,Strongly agree,Strongly agree,Excellent,"Sentir que mi maestra estaba conmigo en cada paso, acompañándome hizo que todo fuera más fácil. Eso fue realmente increíble porque me ayudó a aclarar mis ideas.",Hasta el momento este ha sido el curso que mejor me he sentido al respecto. La persona a cargo retroalimentaba todo y eso me ayudó a aclarar dudas y hacer que todo el proceso sea más rápido y fácil.,Some experience,"Yes, fully aware",Somewhat disagree,Somewhat disagree,Human instructor grades everything; AI is only used as a support tool for the instructor.,No confío mucho en la IA así que lo que opine o no quizás no sea de importancia y relevancia.,6.3,Not flagged,4,5,5,5,4.75,4.666666666666667,FALSE,FALSE
L069,604,20+ years,Female,<30,"Yes, I did.",Strongly agree,Strongly agree,Strongly agree,Strongly agree,Excellent,"El aspecto más valioso del proceso de calificación y retroalimentación fue recibir comentarios específicos sobre mis fortalezas y las áreas que puedo mejorar. La retroalimentación me ayudó a comprender mejor los conceptos trabajados, identificar oportunidades de crecimiento y fortalecer mis habilidades para futuras actividades",No haría ningún cambio,Minimal experience,Somewhat aware,Neither agree nor disagree,Neither agree nor disagree,I have no preference.,No,10.066666666666666,Not flagged,5,5,5,5,5,5,TRUE,TRUE
L070,125,4-10 years,Female,50+,"Yes, I did.",Strongly agree,Strongly agree,Strongly agree,Strongly agree,Excellent,NA,NA,No experience,"Yes, fully aware",Somewhat agree,Somewhat agree,AI provides initial feedback; human instructor reviews every submission before grades are final.,NA,2.0833333333333335,Not flagged,5,5,5,5,5,5,TRUE,TRUE
L071,751,4-10 years,Female,50+,"Yes, I did.",Strongly agree,Strongly agree,Strongly agree,Strongly agree,Excellent,“The most valuable aspect was receiving clear and constructive feedback. It helped me better understand the assignment requirements and improve my work.,“I am satisfied with the current grading and feedback process. The feedback provided was clear and supported my learning.”,Minimal experience,Somewhat aware,Strongly agree,Somewhat agree,Human instructor grades everything; AI is only used as a support tool for the instructor.,"I appreciate the use of AI as a learning support tool. When combined with instructor oversight, it can enhance the learning experience and provide timely feedback.",12.516666666666667,Not flagged,5,5,5,5,5,5,TRUE,TRUE
L072,928,11-20 years,Female,41-50,"Yes, I did.",Strongly agree,Strongly agree,Strongly agree,Strongly agree,Excellent,"The most valuable aspect of my grading and feedback process was the clear and specific information provided. It helped me understand my strengths, identify areas for improvement, and learn how to refine my work for future assignments.","The grading and feedback process was generally useful. One possible improvement would be to include additional examples or detailed explanations for areas requiring refinement, as this would make it easier for me to apply the feedback to future assignments and would enrich my learning experience.",Minimal experience,Somewhat aware,Somewhat agree,Strongly agree,Human instructor grades everything; AI is only used as a support tool for the instructor.,"Overall, my experience with AI in teaching and learning has been positive. AI tools have helped me better understand course materials, improve my work, and save time when completing assignments. This course also helped me learn how to use AI responsibly and effectively as a tool to support learning.",15.466666666666669,Not flagged,5,5,5,5,5,5,TRUE,TRUE
L073,868,11-20 years,Female,50+,"Yes, I did.",Strongly agree,Strongly agree,Strongly agree,Strongly agree,Excellent,The feedback was very detailed and specific and offered suggestions on how to improve.,None,Minimal experience,"Yes, fully aware",Somewhat agree,Somewhat agree,Human instructor grades everything; AI is only used as a support tool for the instructor.,NA,14.466666666666669,Not flagged,5,5,5,5,5,5,TRUE,TRUE
L074,888,20+ years,Female,50+,"Yes, I did.",Strongly agree,Somewhat agree,Somewhat agree,Strongly agree,Fair,"I passed the first time, but...the feedback gave me alot of negativity, or things that were missed, which was good in a way. But it was soooo much that it made me wonder how I managed to get any credit at all for the assignment. It also was not at all personalized like the professor would have graded. Even though it told you the marks that you hit..it still didn't make me feel like I did well or want to do more. It didn't offer possibilities for future lessons. It made me tired reading the feedback.","Let the instructor do it not ""the system"". The instructor has the classroom experience and knows children and people and can offer encouragement and new ideas.",Minimal experience,"Yes, fully aware",Strongly disagree,Somewhat disagree,Human instructor grades everything; AI is only used as a support tool for the instructor.,Sometimes I use it to generate questions for an activity based on C.L.A.S.S. but that all I've used it for.,14.8,Not flagged,5,4,4,5,4.5,4.666666666666667,FALSE,FALSE
L075,240,11-20 years,Female,31-40,"Yes, I did.",Strongly agree,Strongly agree,Strongly agree,Strongly agree,Excellent,Me encantaba que las evaluaciones fueran a tiempo y una retroalimentación verídica y constructiva favorablemente a mis aprendizajes.,Ningún tipo de cambio,Extensive experience,"Yes, fully aware",Strongly agree,Strongly agree,AI provides all feedback; human instructor reviews only disputed grades.,Nop,4,Not flagged,5,5,5,5,5,5,TRUE,TRUE
L076,175,4-10 years,Female,41-50,"Yes, I did.",Strongly agree,Strongly agree,Strongly agree,Strongly agree,Excellent,"The real life examples in a classroom, great quality videos.",I will like the class show more Montessori ways,Some experience,"Yes, fully aware",Strongly agree,Strongly agree,Human instructor grades everything; AI is only used as a support tool for the instructor.,NA,2.9166666666666665,Not flagged,5,5,5,5,5,5,TRUE,TRUE
L077,2980,0-3 years,Female,<30,"Yes, I did.",Strongly agree,Strongly agree,Somewhat agree,Strongly agree,Excellent,The most valuable aspect of the grading and feedback process was the specific guidance provided on my work. The feedback helped me understand what I did well and identified areas where I could improve. It gave me a clearer understanding of the assignment expectations and helped me strengthen my skills for future coursework and professional practice.,"Overall, I found the grading and feedback process helpful. One improvement would be to provide a few more specific examples or suggestions for how to strengthen areas that need improvement. This would make it even easier to apply the feedback to future assignments and continue developing my skills.",No experience,Somewhat aware,Neither agree nor disagree,Neither agree nor disagree,Human instructor grades everything; AI is only used as a support tool for the instructor.,"AI has been a helpful tool in my learning process even thought I agree more to have more human interaction as my learning is better by a human than a computer giving me suggestions, I know we are on an advanced generation but as an old fashioned person I would love to have the resources in a book or notes than AI. I believe human interaction and books allow me to brainstorm ideas, better understand course concepts, and improve my writing and organization",49.666666666666664,Not flagged,5,5,4,5,4.75,4.666666666666667,FALSE,FALSE
L078,144,4-10 years,Female,31-40,"Yes, I did.",Strongly agree,Strongly agree,Strongly agree,Strongly agree,Excellent,NA,NA,No experience,"Yes, fully aware",Strongly agree,Strongly agree,AI provides all feedback; human instructor reviews only disputed grades.,NA,2.4,Not flagged,5,5,5,5,5,5,TRUE,TRUE
L079,139,0-3 years,Female,<30,"Yes, I did.",Somewhat agree,Somewhat agree,Strongly agree,Strongly agree,Excellent,NA,NA,Minimal experience,"Yes, fully aware",Strongly agree,Strongly agree,I have no preference.,NA,2.316666666666667,Not flagged,4,4,5,5,4.5,4.666666666666667,FALSE,FALSE
L080,88,0-3 years,Female,31-40,"Yes, I did.",Somewhat agree,Somewhat agree,Somewhat agree,Somewhat agree,Excellent,NA,NA,Some experience,Somewhat aware,Somewhat agree,Somewhat agree,AI provides initial feedback; human instructor reviews every submission before grades are final.,NA,1.4666666666666666,1 to under 2 minutes,4,4,4,4,4,4,FALSE,FALSE
L081,269,0-3 years,Female,<30,"Yes, I did.",Strongly agree,Strongly agree,Strongly agree,Strongly agree,Excellent,El aspecto más valioso del proceso de calificación y retroalimentación fue recibir comentarios claros y específicos sobre mis fortalezas y las áreas que puedo mejorar.,"Considero que el proceso de calificación fue útil. Para mejorar mi experiencia de aprendizaje, sería beneficioso recibir comentarios más detallados sobre los aspectos positivos de mi trabajo y recomendaciones específicas para seguir desarrollando mis habilidades.",Some experience,Not aware at all,Strongly agree,Somewhat agree,Human instructor grades everything; AI is only used as a support tool for the instructor.,"No, sería todo.",4.483333333333333,Not flagged,5,5,5,5,5,5,TRUE,TRUE
L082,61,4-10 years,Female,31-40,"Yes, I did.",Strongly agree,Strongly agree,Strongly agree,Strongly agree,Excellent,NA,NA,Some experience,Somewhat aware,Somewhat disagree,Somewhat agree,Human instructor grades everything; AI is only used as a support tool for the instructor.,NA,1.0166666666666666,1 to under 2 minutes,5,5,5,5,5,5,TRUE,TRUE
L083,85,0-3 years,Female,41-50,"Yes, I did.",Strongly agree,Strongly agree,Strongly agree,Strongly agree,Excellent,NA,NA,No experience,"Yes, fully aware",Strongly agree,Strongly agree,AI provides initial feedback; human instructor reviews every submission before grades are final.,NA,1.4166666666666667,1 to under 2 minutes,5,5,5,5,5,5,TRUE,TRUE
L084,313,20+ years,Female,50+,"Yes, I did.",Strongly agree,Strongly agree,Strongly agree,Strongly agree,Excellent,Clarity,It was perfect.,No experience,"Yes, fully aware",Strongly agree,Strongly agree,AI provides all feedback; human instructor reviews only disputed grades.,"I truly enjoyed completing the Emergent Literacy Micro-Credential course through UF Lastinger. The course provided valuable, research-based strategies that I was able to apply immediately in my preschool classroom. The content was clear, engaging, and well organized, and it helped deepen my understanding of early literacy development. I especially appreciated the practical activities and resources that support young children's language, phonological awareness, and print knowledge. This course has strengthened my teaching practices and increased my confidence in fostering literacy skills in young learners. I highly recommend it to early childhood educators who want to enhance their knowledge and positively impact children's learning.",5.216666666666667,Not flagged,5,5,5,5,5,5,TRUE,TRUE
L085,417,11-20 years,Female,41-50,"Yes, I did.",Strongly agree,Strongly agree,Strongly agree,Strongly agree,Excellent,"The most valuable aspect was that the feedback helped me reflect more deeply on how my activity supported children’s emergent literacy development. It helped me understand the importance of giving concrete examples, explaining the impact on children, and connecting family engagement activities to reading, writing, communication, and language development.","One change that would improve my learning experience would be to include a short example of a strong response or sample explanation. This would help me better understand how much detail is expected and how to connect my reflection more clearly to the rubric. Overall, the feedback was helpful and supported my learning.",Some experience,"Yes, fully aware",Strongly agree,Strongly agree,AI provides initial feedback; human instructor reviews every submission before grades are final.,"Before this course, I had some basic experience using AI tools, such as chatbots and writing assistants, mainly to help organize my ideas, improve my writing, and better understand assignments. I was familiar with using AI as a support tool, but I was still learning how it could be used in education and feedback. Were you aware that an AI tool was used in helping provide feedback for this assignment? Yes, I was aware that an AI tool was used to help provide feedback for this assignment. I am comfortable with AI tools being used to provide feedback on my assignments. Agree. I believe AI-generated feedback can be as useful as feedback from a human instructor for identifying areas of improvement. Agree, especially when the feedback is clear, specific, and connected to the rubric. However, I also believe human instructor feedback is very important because instructors can understand the student’s experience, effort, and context in a more personal way. Which of the following would best describe your preferred feedback model? My preferred feedback model would be a combination of AI-supported feedback and human instructor feedback. AI can help provide quick and detailed suggestions, while the instructor can review the feedback, add personal guidance, and make sure it is accurate and meaningful. Is there anything else you would like us to know about your experience with AI in teaching and learning before you submit the survey? Overall, my experience with AI in teaching and learning has been positive. I think AI can be a helpful tool when it is used responsibly and when students understand that it is meant to support learning, not replace the instructor. For this assignment, the feedback helped me reflect on my work, understand what I did well, and identify areas where I could improve. I appreciate having feedback that is timely, specific, and connected to the learning goals.",6.95,Not flagged,5,5,5,5,5,5,TRUE,TRUE
L086,940,0-3 years,Female,41-50,"Yes, I did.",Strongly agree,Strongly agree,Strongly agree,Somewhat disagree,Good,"The contributions given by the teacher were precise, concise and valuable for me","The teacher explained to me that they use an AI to correct I think that the feedback should be the next day and then when the teacher can, no longer than the due date for the assignment to complement what was said or reinforce. I think it takes a long time between my shipment and the response",Minimal experience,"Yes, fully aware",Neither agree nor disagree,Strongly agree,AI provides initial feedback; human instructor reviews every submission before grades are final.,"I think it is important to work on the speed of the response especially because we teachers have little time to do the assignments for our routine and/or lifestyle. We make an effort to deliver them on time but we need speed when it is also reviewed, especially if we have to make corrections and we have little time for the due date of the assignment",15.666666666666666,Not flagged,5,5,5,2,4.25,4,FALSE,FALSE
L087,189,4-10 years,Female,31-40,"Yes, I did.",Strongly agree,Strongly agree,Strongly agree,Strongly agree,Excellent,NA,NA,No experience,"Yes, fully aware",Strongly agree,Strongly agree,AI provides initial feedback; human instructor reviews every submission before grades are final.,No,3.15,Not flagged,5,5,5,5,5,5,TRUE,TRUE
L088,362,20+ years,Female,50+,"No, I didn't.",Neither agree nor disagree,Somewhat disagree,Somewhat disagree,Somewhat disagree,Fair,NA,More concrete feedback on points missed,Minimal experience,Somewhat aware,Neither agree nor disagree,Somewhat agree,AI provides initial feedback; human instructor reviews every submission before grades are final.,NA,6.033333333333333,Not flagged,3,2,2,2,2.25,2.3333333333333335,FALSE,FALSE
L089,140,0-3 years,Female,<30,"Yes, I did.",Strongly agree,Strongly agree,Strongly agree,Strongly agree,Excellent,The most valuable aspect was receiving specific feedback that helped me understand my strengths and areas for improvement. The feedback made expectations clear and helped me apply what I learned more effectively in my classroom practices.,"Overall, the grading and feedback process was helpful. One improvement would be providing feedback a little sooner when possible, so I can apply the suggestions more quickly to future assignments and learning activities.",Some experience,Somewhat aware,Somewhat agree,Somewhat agree,AI provides all feedback; human instructor reviews only disputed grades.,"AI has been a helpful tool for brainstorming ideas, creating lesson plans, and finding new ways to engage students. It saves time on preparation while still allowing me to use my professional judgment and creativity. I believe AI can be a valuable support for educators when used responsibly and as a supplement to, rather than a replacement for, quality teaching practices.",2.3333333333333335,Not flagged,5,5,5,5,5,5,TRUE,TRUE
L090,642,20+ years,Female,50+,"No, I didn't.",Strongly agree,Strongly agree,Strongly agree,Strongly agree,Excellent,"My first submission and second was rejected by the Ai Grading model. I do not have MS Word so I created my own document using copy/paste and submitted the assignment as a PDF. The facilitator was very sympathetic to my dilemma and helped me to re-format my assignment in a more MS Word-friendly format. Ai still rejected it and I did not receive mastery. My instructor then went ahead and graded it herself, awarding me mastery on the content of my assignment. She explained the whole process to me in a way I could understand.","Designing a more ""universally formatted"" assignment layout would help to accommodate MAC users in assignment submissions. Not all of us have access to MS Word on our computers.",No experience,"Yes, fully aware",Strongly disagree,Strongly disagree,Human instructor grades everything; AI is only used as a support tool for the instructor.,No.,10.7,Not flagged,5,5,5,5,5,5,TRUE,TRUE
L091,282,4-10 years,Female,31-40,"Yes, I did.",Strongly agree,Strongly agree,Strongly agree,Strongly agree,Excellent,"The most valuable aspect of the grading and feedback process was the specific, actionable feedback on my strengths and areas for improvement.",Having specific examples of what was done well and what could be improved would help me better understand expectations and make meaningful adjustments on future assignments.,Minimal experience,"Yes, fully aware",Neither agree nor disagree,Neither agree nor disagree,I have no preference.,No.,4.7,Not flagged,5,5,5,5,5,5,TRUE,TRUE
L092,762,20+ years,Female,50+,"Yes, I did.",Somewhat agree,Strongly agree,Strongly agree,Strongly agree,Excellent,It was highly relevant to every step of the process and it easily targeted the areas of improvement as well as the goals met.,The whole process was well planned and easy to understand.,Some experience,Somewhat aware,Somewhat agree,Somewhat agree,AI provides initial feedback; human instructor reviews every submission before grades are final.,No.,12.7,Not flagged,4,5,5,5,4.75,4.666666666666667,FALSE,FALSE
L093,393,20+ years,Female,50+,"Yes, I did.",Somewhat agree,Somewhat agree,Somewhat agree,Strongly agree,Excellent,N/A,N/A,No experience,"Yes, fully aware",Strongly agree,Strongly agree,AI provides initial feedback; human instructor reviews every submission before grades are final.,No,6.55,Not flagged,4,4,4,5,4.25,4.333333333333333,FALSE,FALSE
L094,104,20+ years,Female,41-50,"Yes, I did.",Strongly agree,Strongly agree,Strongly agree,Strongly agree,Excellent,Very easy to understand and access.,None,Minimal experience,"Yes, fully aware",Somewhat disagree,Somewhat disagree,Human instructor grades everything; AI is only used as a support tool for the instructor.,No,1.7333333333333334,1 to under 2 minutes,5,5,5,5,5,5,TRUE,TRUE
L095,246,11-20 years,Female,41-50,"Yes, I did.",Strongly agree,Strongly agree,Strongly agree,Strongly agree,Excellent,I learned alot through this course and there is always room to learn more.,"I think the classes need to be opened up as soon as you turn it in, so you can go onto the next assignment, but I understand waiting for your grade to make sure you are on the right track.",No experience,Not aware at all,Somewhat agree,Somewhat agree,AI provides all feedback; human instructor reviews only disputed grades.,NA,4.1,Not flagged,5,5,5,5,5,5,TRUE,TRUE
L096,133,4-10 years,Female,41-50,"Yes, I did.",Neither agree nor disagree,Strongly agree,Somewhat agree,Strongly agree,Good,NA,NA,Minimal experience,Not aware at all,Neither agree nor disagree,Somewhat agree,I have no preference.,NA,2.216666666666667,Not flagged,3,5,4,5,4.25,4,FALSE,FALSE
L097,235,4-10 years,Female,41-50,"Yes, I did.",Strongly agree,Strongly agree,Strongly agree,Strongly agree,Excellent,The feedback given on the assignment,N/A,Some experience,Not aware at all,Strongly agree,Strongly agree,Human instructor grades everything; AI is only used as a support tool for the instructor.,Nothing else,3.9166666666666665,Not flagged,5,5,5,5,5,5,TRUE,TRUE
L098,1052,0-3 years,Female,41-50,"No, I didn't.",Neither agree nor disagree,Neither agree nor disagree,Strongly agree,Strongly agree,Excellent,the valuable aspect on this assigment was the feedback because I learn more and I fix my mistakes.,"yes, I improve myself, and learn more from this experience, because from your mistakes your learn and grow and in this field of educator we never stop learning and growing professional.",No experience,Not aware at all,Strongly disagree,Somewhat disagree,I have no preference.,"I am someone who avoids technology, I prefer people because a machine won't answer you, correct you or point out your mistakes instead it demands perfection. also the AI make mistakes.",17.533333333333335,Not flagged,3,3,5,5,4,4.333333333333333,FALSE,FALSE
L099,202,4-10 years,Female,<30,"Yes, I did.",Strongly agree,Strongly agree,Strongly agree,Strongly agree,Excellent,The feedback helped me to improve my answers,I wouldn’t make any changes,Minimal experience,"Yes, fully aware",Strongly agree,Neither agree nor disagree,Human instructor grades everything; AI is only used as a support tool for the instructor.,Na,3.3666666666666667,Not flagged,5,5,5,5,5,5,TRUE,TRUE
L100,211,0-3 years,Female,31-40,"Yes, I did.",Strongly agree,Strongly agree,Strongly agree,Strongly agree,Excellent,NA,NA,Some experience,"Yes, fully aware",Strongly agree,Strongly agree,AI provides all feedback; human instructor reviews only disputed grades.,NA,3.5166666666666666,Not flagged,5,5,5,5,5,5,TRUE,TRUE
L101,79,4-10 years,Female,<30,"Yes, I did.",Somewhat agree,Somewhat agree,Somewhat agree,Somewhat agree,Good,Where the professor was clear and direct with what was needed for mastery,Better examples of what is needed,Some experience,"Yes, fully aware",Somewhat agree,Somewhat agree,AI provides initial feedback; human instructor reviews every submission before grades are final.,No,1.3166666666666669,1 to under 2 minutes,4,4,4,4,4,4,FALSE,FALSE
L102,3279,4-10 years,Female,31-40,"Yes, I did.",Strongly agree,Strongly agree,Strongly agree,Strongly agree,Excellent,"El aspecto más valioso del proceso de calificación y retroalimentación fue la oportunidad de organizar la observación de manera más clara y estructurada, separando los dominios de Comunicación y Autonomía Personal. Esto permitió identificar con mayor precisión sus logros actuales, como el reconocimiento de partes del cuerpo, así como las áreas que aún requieren apoyo, como el uso espontáneo del lenguaje, el seguimiento de instrucciones de dos pasos y la participación en rutinas de higiene. Esta organización facilita una mejor comprensión de sus necesidades y orienta de forma más efectiva la planificación de las próximas intervenciones.","Para mejorar aún más la experiencia de aprendizaje, sería útil incorporar una retroalimentación más inmediata y específica durante las actividades, reforzando en el momento los intentos de comunicación ya sea mediante palabras, repeticiones o señalamientos. También podría favorecer su progreso el uso de apoyos visuales más constantes para las instrucciones de dos pasos y las rutinas diarias, así como mayor repetición estructurada de las mismas habilidades en distintos contextos para facilitar la generalización. Además, incluir pequeñas metas más cortas y alcanzables dentro de cada actividad podría ayudar a mantener su atención por más tiempo y reducir la necesidad de redirección frecuente.",Some experience,Somewhat aware,Somewhat agree,Somewhat agree,Human instructor grades everything; AI is only used as a support tool for the instructor.,no,54.65,Not flagged,5,5,5,5,5,5,TRUE,TRUE
L103,651,4-10 years,Female,50+,"Yes, I did.",Neither agree nor disagree,Strongly agree,Strongly agree,Somewhat agree,Fair,It allowed me to put together projects for my class to try out with their family.,Being able to to see things in a different way from someone else's perspective,Some experience,Not aware at all,Neither agree nor disagree,Neither agree nor disagree,AI provides initial feedback; human instructor reviews every submission before grades are final.,No,10.85,Not flagged,3,5,5,4,4.25,4,FALSE,FALSE
L104,155,11-20 years,Female,50+,Unsure,Strongly agree,Strongly agree,Strongly agree,Strongly agree,Excellent,NA,NA,Some experience,Not aware at all,Strongly agree,Strongly agree,NA,NA,2.5833333333333335,Not flagged,5,5,5,5,5,5,TRUE,TRUE
L105,308,0-3 years,Female,<30,"Yes, I did.",Strongly agree,Strongly agree,Somewhat agree,Strongly agree,Good,Supportive and encouraging some further insight,Would like more depth of insight if I understood correctly and represented the material properly if there were specific chapters to refer to or other information to use and how I could really develop my skill and knowledge,Minimal experience,Not aware at all,Somewhat disagree,Strongly disagree,Human instructor grades everything; AI is only used as a support tool for the instructor.,I know that some of my papers in university run through an AI checking system but that is about it.,5.133333333333334,Not flagged,5,5,4,5,4.75,4.666666666666667,FALSE,FALSE
L106,130,0-3 years,Female,<30,"Yes, I did.",Somewhat agree,Somewhat agree,Somewhat agree,Somewhat agree,Excellent,I learn about how i need to be sure the kids understand me,About the vocabulary,Some experience,"Yes, fully aware",Strongly agree,Somewhat agree,AI provides all feedback; human instructor reviews only disputed grades.,no,2.1666666666666665,Not flagged,4,4,4,4,4,4,FALSE,FALSE
L107,612,20+ years,Female,50+,"Yes, I did.",Strongly agree,Strongly agree,Strongly agree,Strongly agree,Excellent,"Knowing I did my reach and did my assignment and submitted it knowing,with all the materials provided,I would get a good grade",It wouldng make a difference,No experience,Not aware at all,Somewhat agree,Somewhat agree,AI provides initial feedback; human instructor reviews every submission before grades are final.,No,10.2,Not flagged,5,5,5,5,5,5,TRUE,TRUE
L108,1421,0-3 years,Female,31-40,"Yes, I did.",Strongly agree,Strongly agree,Strongly agree,Strongly agree,Excellent,This assigment helped me to better adapt the activities according to the age and satge of development of each child.,I feel the current process is adequate and the feedback received has been clear and helpful.,No experience,Somewhat aware,Neither agree nor disagree,Neither agree nor disagree,I have no preference.,No,23.683333333333337,Not flagged,5,5,5,5,5,5,TRUE,TRUE
L109,811,4-10 years,Female,31-40,"Yes, I did.",Strongly agree,Strongly agree,Strongly agree,Strongly agree,Excellent,excellent resources,"I wouldn't change a thing, it's perfect.",Minimal experience,Not aware at all,Strongly disagree,Strongly disagree,I have no preference.,no,13.516666666666667,Not flagged,5,5,5,5,5,5,TRUE,TRUE
L110,772,20+ years,Female,50+,"Yes, I did.",Strongly agree,Somewhat agree,Strongly agree,Neither agree nor disagree,Good,"In general, I liked the way the course was conducted and the grading method. However, the assignment that was reviewed by AI took too long, and I think it included too many unnecessary details.",Expedite the feedback process. But overall it was a good professional experience. The structure of the course was easy to follow. We need more courses like this in the Early Childhood field.,Minimal experience,"Yes, fully aware",Neither agree nor disagree,Somewhat agree,Human instructor grades everything; AI is only used as a support tool for the instructor.,"It’s a valuable tool to correct grammar, but I’m afraid that in the future AI takes over and students really too much on it and don’t use their brain and creativity to the maximum potential.",12.866666666666667,Not flagged,5,4,5,3,4.25,4.333333333333333,FALSE,FALSE
L111,104,4-10 years,Female,31-40,"Yes, I did.",Strongly agree,Strongly agree,Strongly agree,Strongly agree,Excellent,To understand more,NA,No experience,"Yes, fully aware",Strongly agree,Strongly agree,Human instructor grades everything; AI is only used as a support tool for the instructor.,NA,1.7333333333333334,1 to under 2 minutes,5,5,5,5,5,5,TRUE,TRUE
L112,190,4-10 years,Female,<30,"Yes, I did.",Somewhat agree,Somewhat disagree,Somewhat disagree,Somewhat agree,Good,The response was received in a timely manner,If the responses to queries / questions were specific to what I asked and not generic,Minimal experience,"Yes, fully aware",Neither agree nor disagree,Neither agree nor disagree,Human instructor grades everything; AI is only used as a support tool for the instructor.,No,3.1666666666666665,Not flagged,4,2,2,4,3,3.3333333333333335,FALSE,FALSE
L113,263,0-3 years,Female,41-50,"Yes, I did.",Strongly agree,Strongly agree,Strongly agree,Strongly agree,Excellent,La experiencia,Me encantó el procedimiento,Minimal experience,"Yes, fully aware",Strongly agree,Somewhat agree,Human instructor grades everything; AI is only used as a support tool for the instructor.,Me encantó la interacción,4.383333333333334,Not flagged,5,5,5,5,5,5,TRUE,TRUE
L114,272,20+ years,Female,50+,"Yes, I did.",Strongly agree,Strongly agree,Strongly agree,Strongly agree,Excellent,My instructor was always positive and her feedback was very helpful,None,Minimal experience,"Yes, fully aware",Neither agree nor disagree,Neither agree nor disagree,Human instructor grades everything; AI is only used as a support tool for the instructor.,N/A,4.533333333333333,Not flagged,5,5,5,5,5,5,TRUE,TRUE
L115,283,11-20 years,Female,50+,"Yes, I did.",Strongly agree,Strongly agree,Strongly agree,Strongly agree,Excellent,Everything was explained clearly.,None. No changes. It works the way it is.,Minimal experience,"Yes, fully aware",Strongly agree,Strongly agree,I have no preference.,Thank you for the challenge. So happy with myself for finishing.,4.716666666666667,Not flagged,5,5,5,5,5,5,TRUE,TRUE
L116,1959,20+ years,Female,50+,"Yes, I did.",Strongly agree,Strongly agree,Strongly agree,Strongly agree,Excellent,everything,none,No experience,Not aware at all,Somewhat agree,Somewhat agree,Human instructor grades everything; AI is only used as a support tool for the instructor.,nothing,32.65,Not flagged,5,5,5,5,5,5,TRUE,TRUE
L117,896,0-3 years,Female,41-50,"Yes, I did.",Strongly agree,Strongly agree,Strongly agree,Strongly agree,Excellent,"El aspecto mas valioso para mi fue que para la teacher mi explicación de la tarea fue clara y específica de cómo realice las evaluaciones, qué observe, plane e implemente una lección muy apropiada para grupos pequeños.",que se hicieran al menos una vez por modulo una clase virtual donde pudiéramos escuchar varios ejemplos de mas compañeros eso ayudaría a poder ver otros métodos de aprendizaje,Some experience,"Yes, fully aware",Strongly agree,Somewhat agree,Human instructor grades everything; AI is only used as a support tool for the instructor.,NA,14.933333333333334,Not flagged,5,5,5,5,5,5,TRUE,TRUE
L118,471,11-20 years,Female,31-40,"No, I didn't.",Strongly agree,Strongly agree,Strongly agree,Somewhat agree,Excellent,I took the feedback and applied to future lessons,No changes,No experience,Not aware at all,Somewhat disagree,Somewhat disagree,Human instructor grades everything; AI is only used as a support tool for the instructor.,No,7.85,Not flagged,5,5,5,4,4.75,4.666666666666667,FALSE,FALSE
L119,8056,4-10 years,Female,<30,"Yes, I did.",Strongly agree,Strongly agree,Somewhat agree,Strongly agree,Excellent,"El aspecto más valioso del proceso de calificación y retroalimentación para esta tarea fue recibir comentarios que me ayudaron a identificar qué estaba haciendo bien y qué podía mejorar. La retroalimentación me permitió comprender mejor cómo planificar actividades. Gracias a esas observaciones, pude fortalecer mi forma de planificar las actividades y hacerlas más intencionales, siempre enfocándome en las necesidades e intereses de los niños.",todo está perfecto a mi entender,Some experience,Somewhat aware,Strongly agree,Somewhat agree,AI provides initial feedback; human instructor reviews every submission before grades are final.,Creo que todo está bien y se puede seguir mejorando,134.26666666666668,Over 1 hour,5,5,4,5,4.75,4.666666666666667,FALSE,FALSE
L120,542,0-3 years,Female,41-50,"Yes, I did.",Strongly agree,Strongly agree,Strongly agree,Strongly agree,Excellent,The feedback process was very effective and productive for my work.,Everything was fine for me.,Extensive experience,"Yes, fully aware",Strongly agree,Strongly agree,AI provides all feedback; human instructor reviews only disputed grades.,Thanks for all your help,9.033333333333331,Not flagged,5,5,5,5,5,5,TRUE,TRUE
L121,348,0-3 years,Female,41-50,"Yes, I did.",Strongly agree,Strongly agree,Strongly agree,Strongly agree,Excellent,The teacher was precise and clear about the grading and feedback.,There is no need of any changes.,Minimal experience,Not aware at all,Neither agree nor disagree,Neither agree nor disagree,Human instructor grades everything; AI is only used as a support tool for the instructor.,"No, it was a great experience.",5.8,Not flagged,5,5,5,5,5,5,TRUE,TRUE
L122,583,0-3 years,Female,41-50,"Yes, I did.",Strongly agree,Strongly agree,Strongly agree,Strongly agree,Excellent,The feedback was clear and specific. It helped me understand what I did well and gave me simple ideas to improve my teaching activities.,The feedback was helpful.,Some experience,"Yes, fully aware",Strongly agree,Strongly agree,AI provides all feedback; human instructor reviews only disputed grades.,"The AI feedback was helpful, easy to understand, and helped me improve my assignments. I liked that a human instructor also reviewed the work.",9.716666666666669,Not flagged,5,5,5,5,5,5,TRUE,TRUE
L123,173,4-10 years,Female,41-50,"Yes, I did.",Strongly agree,Strongly agree,Strongly agree,Strongly agree,Excellent,NA,NA,Extensive experience,"Yes, fully aware",Strongly agree,Strongly agree,I have no preference.,NA,2.8833333333333333,Not flagged,5,5,5,5,5,5,TRUE,TRUE
L124,358,4-10 years,Female,41-50,"Yes, I did.",Strongly agree,Strongly agree,Strongly agree,Strongly agree,Excellent,Always helped to get mastery and make the content easier to understand.,All feedbacks are clear n easily understandable.,Some experience,Somewhat aware,Strongly agree,Strongly agree,AI provides initial feedback; human instructor reviews every submission before grades are final.,NA,5.966666666666667,Not flagged,5,5,5,5,5,5,TRUE,TRUE
L125,84,4-10 years,Female,50+,"Yes, I did.",Strongly agree,Strongly agree,Strongly agree,Strongly agree,Excellent,NA,NA,Some experience,"Yes, fully aware",Strongly agree,Strongly agree,Human instructor grades everything; AI is only used as a support tool for the instructor.,NA,1.4,1 to under 2 minutes,5,5,5,5,5,5,TRUE,TRUE
L126,594,20+ years,Female,50+,"Yes, I did.",Strongly agree,Strongly agree,Strongly agree,Strongly agree,Excellent,El aspecto más que considero más valioso en la calificación es que te dan sugerencias de cómo podrías haber respondido y te dan la posibilidad de volver a elaborar de forma correcta tu respuesta,Creo que el proceso de calificación está muy bien estructurado,Extensive experience,"Yes, fully aware",Strongly agree,Strongly agree,Human instructor grades everything; AI is only used as a support tool for the instructor.,Es una herramienta que podemos utilizar para retroalimentar nuestro conocimiento,9.9,Not flagged,5,5,5,5,5,5,TRUE,TRUE
L127,259,11-20 years,Female,50+,"Yes, I did.",Strongly agree,Strongly agree,Strongly agree,Strongly agree,Excellent,By learning new things in this assignment and activity,No changes is necessary,Some experience,Somewhat aware,Somewhat agree,Strongly agree,AI provides initial feedback; human instructor reviews every submission before grades are final.,Nothing at this time,4.316666666666666,Not flagged,5,5,5,5,5,5,TRUE,TRUE
L128,118,4-10 years,Female,41-50,"Yes, I did.",Strongly agree,Strongly agree,Somewhat agree,Somewhat agree,Good,It was very specific and helped me better understand the assignment,I thought everything was great,Some experience,"Yes, fully aware",Strongly agree,Neither agree nor disagree,Human instructor grades everything; AI is only used as a support tool for the instructor.,"I like learning about the AI. Thought that it was a good tool to learn, especially moving forward in the world. We are in today.",1.9666666666666663,1 to under 2 minutes,5,5,4,4,4.5,4.333333333333333,FALSE,FALSE
L129,216,0-3 years,Female,31-40,"Yes, I did.",Strongly agree,Strongly agree,Strongly agree,Strongly agree,Good,La retroalimentación fue muy valiosa porque me ayudó a entender qué partes de mi tarea estaban correctas y qué debía mejorar. También me dio una mejor idea de cómo completar las próximas tareas.,"Me gustaría que la retroalimentación fuera un poco más específica, con ejemplos claros de lo que se debe corregir. Eso ayudaría a mejorar la experiencia de aprendizaje.",Some experience,Somewhat aware,Strongly agree,Somewhat agree,AI provides initial feedback; human instructor reviews every submission before grades are final.,NA,3.6,Not flagged,5,5,5,5,5,5,TRUE,TRUE
L130,258,0-3 years,Female,<30,"Yes, I did.",Somewhat agree,Neither agree nor disagree,Neither agree nor disagree,Strongly agree,Fair,"The timely manner. When I had to wait for and instructor to grade the assignment it could take a while, but this was very quick so if I hadn’t to make revisions I had time.",Faster turnaround time or longer periods that the assignments are open so I have time to make revisions as needed.,Minimal experience,"Yes, fully aware",Somewhat disagree,Somewhat disagree,Human instructor grades everything; AI is only used as a support tool for the instructor.,No,4.3,Not flagged,4,3,3,5,3.75,4,FALSE,FALSE
L131,425,4-10 years,Female,<30,"Yes, I did.",Strongly agree,Strongly agree,Strongly agree,Somewhat agree,Good,NA,NA,Some experience,"Yes, fully aware",Somewhat agree,Neither agree nor disagree,I have no preference.,NA,7.083333333333333,Not flagged,5,5,5,4,4.75,4.666666666666667,FALSE,FALSE
L132,2566,20+ years,Female,50+,"Yes, I did.",Strongly agree,Strongly agree,Strongly agree,Strongly agree,Excellent,I valued very much the detailed feedback provided on my work. It helped me identify my strengths and understand areas for improvements.,The grading and feedback process was helpful overall. The timing was perfect and it allowed me to apply the suggestions in my upcoming assignments.,Some experience,Somewhat aware,Somewhat agree,Somewhat agree,I have no preference.,"As a VPK teacher, I found AI to be a valuable tool for supporting lesson plans, creating classroom materials, and improving communication with families. AI has helped me save time and increase productivity while allowing me to focus more on my students learning.",42.766666666666666,Not flagged,5,5,5,5,5,5,TRUE,TRUE
L133,160,20+ years,Female,50+,"Yes, I did.",Strongly agree,Strongly agree,Strongly agree,Strongly agree,Excellent,"Overall, it was useful in the classroom",The grading was fair,Some experience,"Yes, fully aware",Strongly agree,Strongly agree,AI provides all feedback; human instructor reviews only disputed grades.,Nothing else to share at this time.,2.6666666666666665,Not flagged,5,5,5,5,5,5,TRUE,TRUE
L134,1142,20+ years,Female,50+,"No, I didn't.",Strongly agree,Strongly agree,Strongly agree,Strongly disagree,Good,The most valuable aspect of the grading and feedback process for infant toddler assignment 3 was being able to evaluate how children applied course concepts to authentic situations involving infants and Toddlers.,One change that would improve the grading and feedback process would be allowing more time for individualized feedback and opportunities to children's to revise their work after receiving comments.,Extensive experience,"Yes, fully aware",Strongly agree,Strongly agree,Human instructor grades everything; AI is only used as a support tool for the instructor.,"Overall, my experience with AL in teaching and learning has been positive. Ot has helped streamline the grading process., support the creation of meaningful feedback, and improve efficiency while maintaining high expectations for children learning.",19.033333333333335,Not flagged,5,5,5,1,4,3.6666666666666665,FALSE,FALSE
L135,228,20+ years,Female,50+,"Yes, I did.",Strongly agree,Strongly agree,Strongly agree,Strongly agree,Excellent,I appreciated the feedback from the instructor - made it feel more personal.,"The wording when I logged in was difficult to understand - at times it made me feel like I had missed something. Also, had questions about my total score and could not easily figure out how to ask someone about it",Minimal experience,Somewhat aware,Neither agree nor disagree,Somewhat agree,AI provides initial feedback; human instructor reviews every submission before grades are final.,NA,3.8,Not flagged,5,5,5,5,5,5,TRUE,TRUE
L136,141,11-20 years,Female,41-50,"Yes, I did.",Strongly agree,Strongly agree,Strongly agree,Strongly agree,Excellent,NA,NA,Some experience,"Yes, fully aware",Somewhat agree,Somewhat agree,Human instructor grades everything; AI is only used as a support tool for the instructor.,NA,2.35,Not flagged,5,5,5,5,5,5,TRUE,TRUE
L137,95645,4-10 years,Female,31-40,"Yes, I did.",Strongly agree,Strongly agree,Strongly agree,Strongly agree,Good,Honestly the urge to know my grading and know the feedback.,none.,No experience,"Yes, fully aware",Somewhat agree,Neither agree nor disagree,Human instructor grades everything; AI is only used as a support tool for the instructor.,None.,1594.0833333333333,Over 1 hour,5,5,5,5,5,5,TRUE,TRUE
L138,265,11-20 years,Female,50+,Unsure,Strongly agree,Strongly agree,Strongly agree,Strongly agree,Excellent,Communication & specific details I was lacking in. It was a push to excel to perfection.,I just love how persistent my professor was! She didn’t let me settled for a low score despite what was happening in my life.,No experience,"Yes, fully aware",Strongly agree,Strongly agree,AI provides initial feedback; human instructor reviews every submission before grades are final.,I remained neutral as it was my 1st experience.,4.416666666666667,Not flagged,5,5,5,5,5,5,TRUE,TRUE
L139,679,20+ years,Female,50+,"Yes, I did.",Strongly agree,Strongly agree,Strongly agree,Strongly agree,Excellent,NA,NA,Some experience,"Yes, fully aware",Strongly agree,Strongly agree,AI provides all feedback; human instructor reviews only disputed grades.,NA,11.316666666666666,Not flagged,5,5,5,5,5,5,TRUE,TRUE
L140,401,11-20 years,Female,50+,"Yes, I did.",Strongly agree,Strongly agree,Strongly agree,Strongly agree,Excellent,your feedback,"The current process is adequate. If anything were to be adjusted, it would be to add brief qualitative comments alongside the rating to highlight which aspects were handled well and which require attention.",Some experience,Not aware at all,Neither agree nor disagree,Neither agree nor disagree,Human instructor grades everything; AI is only used as a support tool for the instructor.,no.,6.683333333333334,Not flagged,5,5,5,5,5,5,TRUE,TRUE
L141,509,20+ years,Female,50+,"Yes, I did.",Strongly agree,Strongly agree,Strongly agree,Strongly agree,Excellent,"For me, one aspect is having understood the importance of each comment in order to achieve the course objective",There would be very few changes; one would be more communication with the instructor.,Minimal experience,Somewhat aware,Somewhat agree,Neither agree nor disagree,AI provides all feedback; human instructor reviews only disputed grades.,I think it's a good idea for the teaching and learning practice to be mixed.,8.483333333333333,Not flagged,5,5,5,5,5,5,TRUE,TRUE
L142,376,0-3 years,Female,31-40,"Yes, I did.",Strongly agree,Strongly agree,Strongly agree,Strongly agree,Good,Todos los aspectos me encantaron aprendí mucho,Me gustaron todos para mi no lleva cambios,Extensive experience,"Yes, fully aware",Somewhat agree,Somewhat agree,Human instructor grades everything; AI is only used as a support tool for the instructor.,No,6.266666666666667,Not flagged,5,5,5,5,5,5,TRUE,TRUE
L143,199,4-10 years,Female,<30,"Yes, I did.",Strongly agree,Strongly agree,Strongly agree,Strongly agree,Excellent,The most valuable part of the grading and feedback process was seeing exactly what I did well and what needed improvement. It helped me understand the expectations more clearly and showed me how to strengthen my work for future assignments. The feedback felt specific enough that I knew what to adjust instead of guessing.,N/a,No experience,Somewhat aware,Strongly agree,Strongly agree,AI provides all feedback; human instructor reviews only disputed grades.,N/a,3.316666666666667,Not flagged,5,5,5,5,5,5,TRUE,TRUE
L144,266,11-20 years,Female,31-40,"Yes, I did.",Strongly agree,Strongly agree,Strongly agree,Strongly agree,Excellent,NA,NA,Some experience,"Yes, fully aware",Strongly agree,Strongly agree,AI provides all feedback; human instructor reviews only disputed grades.,NA,4.433333333333334,Not flagged,5,5,5,5,5,5,TRUE,TRUE
L145,269,4-10 years,Male,<30,"Yes, I did.",Strongly agree,Strongly agree,Strongly agree,Strongly agree,Excellent,NA,NA,Minimal experience,"Yes, fully aware",Somewhat agree,Somewhat agree,I have no preference.,NA,4.483333333333333,Not flagged,5,5,5,5,5,5,TRUE,TRUE
L146,248,0-3 years,Female,31-40,Unsure,Somewhat agree,Somewhat disagree,Somewhat disagree,Strongly disagree,Poor,No comment,The instructors need to not assume things and need to not be so narrow minded,Minimal experience,Somewhat aware,Neither agree nor disagree,Neither agree nor disagree,Human instructor grades everything; AI is only used as a support tool for the instructor.,NA,4.133333333333334,Not flagged,4,2,2,1,2.25,2.3333333333333335,FALSE,FALSE
L147,397,4-10 years,Female,41-50,"Yes, I did.",Strongly agree,Strongly agree,Strongly agree,Strongly agree,Excellent,La maestra 👩‍🏫 me explicaba mis errores con mucho respeto ✊ ayudándome a mejorar cada día más!!,La comunicación continua de preguntas habiertas hacia los infantes y toddlers,Some experience,"Yes, fully aware",Neither agree nor disagree,Strongly agree,Human instructor grades everything; AI is only used as a support tool for the instructor.,Yo utilizo IA para mejorar mi inglés ya que mi gramática no es la mejor mi primera lengua es Español.,6.616666666666666,Not flagged,5,5,5,5,5,5,TRUE,TRUE
L148,161,20+ years,Female,50+,"Yes, I did.",Strongly agree,Strongly agree,Strongly agree,Strongly agree,Excellent,NA,NA,Extensive experience,"Yes, fully aware",Strongly agree,Strongly agree,AI provides all feedback; human instructor reviews only disputed grades.,NA,2.683333333333333,Not flagged,5,5,5,5,5,5,TRUE,TRUE
L149,93,4-10 years,Female,31-40,"Yes, I did.",Somewhat agree,Somewhat agree,Somewhat agree,Strongly agree,Good,NA,NA,Some experience,"Yes, fully aware",Somewhat agree,Somewhat agree,AI provides initial feedback; human instructor reviews every submission before grades are final.,NA,1.55,1 to under 2 minutes,4,4,4,5,4.25,4.333333333333333,FALSE,FALSE
L150,78,0-3 years,Female,<30,"Yes, I did.",Strongly agree,Strongly agree,Strongly agree,Strongly agree,Excellent,It was straightforward and helpful,None,No experience,Not aware at all,Neither agree nor disagree,Strongly agree,AI provides all feedback; human instructor reviews only disputed grades.,No,1.3,1 to under 2 minutes,5,5,5,5,5,5,TRUE,TRUE
L151,339356,4-10 years,Female,<30,"Yes, I did.",Strongly agree,Strongly agree,Strongly agree,Somewhat agree,Excellent,Individualized and accepting of difficulties with meeting criteria in a special education classroom,Updates on when assignment will receive feedback,Minimal experience,"Yes, fully aware",Somewhat agree,Somewhat agree,Human instructor grades everything; AI is only used as a support tool for the instructor.,Hope it is an aide not a human replacement,5655.933333333333,Over 1 hour,5,5,5,4,4.75,4.666666666666667,FALSE,FALSE
L152,1599,11-20 years,Female,50+,"Yes, I did.",Strongly agree,Strongly agree,Strongly agree,Strongly agree,Excellent,"The most valuable aspect was the clear and specific feedback, which showed me how to improve.","Receiving more detailed, constructive feedback more quickly would significantly improve my learning. Also, receiving timely feedback on smaller milestones would be very helpful.",Minimal experience,"Yes, fully aware",Strongly agree,Strongly agree,Human instructor grades everything; AI is only used as a support tool for the instructor.,"I am concerned about the risks Artificial Intelligence may pose to children, primarily because it can foster a reliance on technology and hinder cognitive development; children do not reason when using this tool, which diminishes their creativity and attention span, and it also limits social interactions with other children and people.",26.65,Not flagged,5,5,5,5,5,5,TRUE,TRUE
L153,447,11-20 years,Female,41-50,"Yes, I did.",Strongly agree,Strongly agree,Strongly agree,Strongly agree,Excellent,I appreciated the details that were specific to my responses.,N/A,Minimal experience,"Yes, fully aware",Strongly agree,Somewhat agree,Human instructor grades everything; AI is only used as a support tool for the instructor.,NA,7.45,Not flagged,5,5,5,5,5,5,TRUE,TRUE
L154,171,11-20 years,Female,41-50,"Yes, I did.",Strongly agree,Strongly agree,Strongly agree,Strongly agree,Excellent,"The most valuable aspect of the grading and feedback process was receiving specific, constructive feedback that helped me understand both my strengths and the areas I can continue to improve. The feedback clarified how oral language development supports emergent literacy and reinforced the importance of using evidence-based instructional strategies. It also helped me reflect on my teaching practices and identify ways to better support children's language, communication, and early literacy skills in the classroom.","One improvement that would enhance my learning experience would be receiving a brief explanation for any incorrect responses, along with examples of the correct instructional strategy or concept. Seeing why an answer is correct and how it applies in a real classroom setting would deepen my understanding and help me apply the concepts more confidently in my teaching practice.",Some experience,Somewhat aware,Strongly agree,Strongly agree,AI provides all feedback; human instructor reviews only disputed grades.,NA,2.85,Not flagged,5,5,5,5,5,5,TRUE,TRUE
L155,233,20+ years,Female,50+,"Yes, I did.",Strongly agree,Strongly agree,Strongly agree,Strongly agree,Excellent,The information I got helped me understand the assignment better.,I would not change the grading system,Some experience,Somewhat aware,Somewhat agree,Somewhat agree,I have no preference.,No,3.8833333333333337,Not flagged,5,5,5,5,5,5,TRUE,TRUE
L156,965,4-10 years,Female,31-40,"Yes, I did.",Strongly agree,Strongly agree,Strongly agree,Strongly agree,Excellent,This assignment gave us the opportunity to share valuable information on educational tasks.,I think it's beneficial to receive positive feedback so I can put it into practice in my teaching and learning to improve my performance.,Minimal experience,Somewhat aware,Somewhat agree,Somewhat agree,AI provides initial feedback; human instructor reviews every submission before grades are final.,AI can serve as an information resource.,16.083333333333332,Not flagged,5,5,5,5,5,5,TRUE,TRUE
L157,397,11-20 years,Female,50+,"Yes, I did.",Strongly agree,Strongly agree,Strongly agree,Strongly agree,Good,El mas valioso fue el comentarios de los preparadores. Y lo objetivo y especifica de cada uno de ellos. Esto me ayudo a ir directamente a resolver y organizar las ideas.,En algunos casos muy poco. Fue el tiempo de recibirla,Minimal experience,Not aware at all,Neither agree nor disagree,Somewhat disagree,AI provides initial feedback; human instructor reviews every submission before grades are final.,Nada,6.616666666666666,Not flagged,5,5,5,5,5,5,TRUE,TRUE
L158,6446,4-10 years,Prefer not to say,50+,"Yes, I did.",Strongly agree,Strongly agree,Strongly agree,Strongly agree,Excellent,The contributions and suggestions received so clearly and professionally from the instructor,None,Some experience,"Yes, fully aware",Strongly agree,Strongly disagree,Human instructor grades everything; AI is only used as a support tool for the instructor.,"Personally, I would like to delve deeper into AI tools in order to apply them to early Childhood education.",107.43333333333334,Over 1 hour,5,5,5,5,5,5,TRUE,TRUE
L159,1376,11-20 years,Female,50+,"Yes, I did.",Strongly agree,Strongly agree,Strongly agree,Strongly agree,Excellent,"The feedback was clear, specific, and helpful. It highlighted both my strengths and the areas where I could improve, which made it easier to understand how to do better on future assignments.","The current grading and feedback process was helpful. If I could suggest one improvement, it would be to provide feedback a little sooner so I have more time to apply it to future assignments.",No experience,"Yes, fully aware",Somewhat agree,Somewhat agree,Human instructor grades everything; AI is only used as a support tool for the instructor.,"No tengo comentarios adicionales. En general, considero que la IA es una herramienta útil para apoyar el aprendizaje y ofrecer retroalimentación rápida y clara, aunque siempre debe complementarse con la orientación de un instructor.",22.933333333333337,Not flagged,5,5,5,5,5,5,TRUE,TRUE
L160,178,4-10 years,Female,41-50,"Yes, I did.",Strongly agree,Strongly agree,Strongly agree,Strongly agree,Excellent,llevar a Cabo las estrategias,ninguno,Some experience,"Yes, fully aware",Somewhat agree,Somewhat agree,Human instructor grades everything; AI is only used as a support tool for the instructor.,no,2.966666666666667,Not flagged,5,5,5,5,5,5,TRUE,TRUE
L161,383,11-20 years,Female,31-40,"Yes, I did.",Strongly agree,Strongly agree,Strongly agree,Strongly agree,Excellent,"I am not sure if you mean the one from PLD or the practicum, but either way the feedback from my instructor was always positive and clarified that I was on the right track with my lessons.",I do not think any changes need to be made with the grading process. The expectations were very clear. I knew what I needed to do for the assignment beforehand and could plan accordingly.,Minimal experience,"Yes, fully aware",Strongly agree,Strongly agree,AI provides initial feedback; human instructor reviews every submission before grades are final.,I really appreciated how quickly AI graded my assignment.,6.383333333333334,Not flagged,5,5,5,5,5,5,TRUE,TRUE
L162,527,4-10 years,Female,41-50,"Yes, I did.",Strongly agree,Strongly agree,Strongly agree,Strongly agree,Excellent,La pronta respuesta y asesoria en casa caso,Creo que ninguno! Todo estuvo muy bien gestionado,No experience,Not aware at all,Somewhat disagree,Somewhat disagree,Human instructor grades everything; AI is only used as a support tool for the instructor.,"Pues, la verdad IA me parece buena! Pero nada supera la interaction con un humano!",8.783333333333333,Not flagged,5,5,5,5,5,5,TRUE,TRUE
L163,77,20+ years,Female,50+,"Yes, I did.",Strongly agree,Strongly agree,Strongly agree,Strongly agree,Excellent,NA,NA,Some experience,"Yes, fully aware",Strongly agree,Strongly agree,I have no preference.,NA,1.2833333333333334,1 to under 2 minutes,5,5,5,5,5,5,TRUE,TRUE
L164,1164,0-3 years,Female,41-50,"Yes, I did.",Strongly agree,Strongly agree,Strongly agree,Strongly agree,Excellent,"Respuestas detalladas y ejemplos específicos Las respuestas del profesional son completas y cubren todas las preguntas presentadas en el formulario de evaluación, El practicante describe claramente los objetivos previstos, especificando el desarrollo de la comunicación temprana, la atención compartida, el turno y el lenguaje receptivo/expresivo. Fue todo muy explícito me pareció excelente.","Me explicaron en detalle y considero que estuvo bien, pero siempre es necesario tener el criterio del profesor",No experience,Not aware at all,Somewhat agree,Somewhat disagree,Human instructor grades everything; AI is only used as a support tool for the instructor.,"La AI pueden ofrecer comentarios rápidos, claros y útiles para identificar áreas de mejora. No obstante, considero importante que ese feedback complemente, y no sustituya, la evaluación y el criterio del profesor, especialmente cuando se requiere una valoración más personalizada o contextual.",19.4,Not flagged,5,5,5,5,5,5,TRUE,TRUE
L165,241,4-10 years,Female,50+,"Yes, I did.",Strongly agree,Strongly agree,Strongly agree,Strongly agree,Excellent,The opportunity of learning,None,Minimal experience,Somewhat aware,Somewhat agree,Somewhat agree,AI provides initial feedback; human instructor reviews every submission before grades are final.,No,4.016666666666667,Not flagged,5,5,5,5,5,5,TRUE,TRUE
L166,234,4-10 years,Female,<30,Unsure,Strongly agree,Strongly agree,Strongly agree,Strongly agree,Excellent,NA,NA,No experience,Not aware at all,Neither agree nor disagree,Neither agree nor disagree,I have no preference.,NA,3.9,Not flagged,5,5,5,5,5,5,TRUE,TRUE
L167,240,4-10 years,Female,<30,"Yes, I did.",Strongly agree,Strongly agree,Strongly agree,Strongly agree,Excellent,Helpful assignment,How to be come a better professional,Some experience,"Yes, fully aware",Strongly agree,Strongly agree,I have no preference.,Nothing else,4,Not flagged,5,5,5,5,5,5,TRUE,TRUE
L168,235,20+ years,Female,Prefer not to say,"Yes, I did.",Strongly agree,Strongly agree,Strongly agree,Strongly agree,Excellent,Feedback was very detailed,None,Minimal experience,"Yes, fully aware",Somewhat agree,Strongly agree,AI provides initial feedback; human instructor reviews every submission before grades are final.,No,3.9166666666666665,Not flagged,5,5,5,5,5,5,TRUE,TRUE
L169,936,20+ years,Female,50+,Unsure,Somewhat agree,Somewhat agree,Somewhat agree,Somewhat agree,Good,It was ok,NA,Some experience,Somewhat aware,Somewhat agree,Somewhat agree,AI provides initial feedback; human instructor reviews every submission before grades are final.,NA,15.6,Not flagged,4,4,4,4,4,4,FALSE,FALSE
L170,451,20+ years,Female,50+,"Yes, I did.",Strongly agree,Strongly agree,Strongly agree,Strongly agree,Excellent,"Receiving a quick turnaround for feedback on my assignment in the event I needed to re-do anything. Luckily, I did not need to re-do my assignment, but if I needed to I would have had enough time to fix anything for resubmission of the assignment.","I do not see a need for any changes to the grading or feedback process. The grading was fair, the feedback was clear and timely, and I felt I had enough information to understand my performance and make improvements if needed. Overall, I was satisfied with the process.",Minimal experience,"Yes, fully aware",Neither agree nor disagree,Neither agree nor disagree,Human instructor grades everything; AI is only used as a support tool for the instructor.,"I prefer learning from a human. AI can be helpful sometimes, but I value the interaction and feedback from an instructor more.",7.516666666666667,Not flagged,5,5,5,5,5,5,TRUE,TRUE
