case_id,duration_seconds,duration_minutes,duration_flag,first_submission_mastery,overall_feedback_quality,ai_comfort,most_valuable_text,improvement_text,additional_ai_comments
L041,54,0.9,Under 1 minute,"Yes, I did.",Excellent,Strongly agree,,,
L082,61,1.0166666666666666,1 to under 2 minutes,"Yes, I did.",Excellent,Somewhat disagree,,,
L045,63,1.05,1 to under 2 minutes,"Yes, I did.",Excellent,Neither agree nor disagree,,,
L028,67,1.1166666666666667,1 to under 2 minutes,"Yes, I did.",Excellent,Strongly agree,,,
L025,68,1.1333333333333333,1 to under 2 minutes,"Yes, I did.",Excellent,Strongly agree,Na,Na,Na
L043,71,1.1833333333333333,1 to under 2 minutes,"Yes, I did.",Excellent,Strongly agree,How was explaining,Yes,
L017,76,1.2666666666666666,1 to under 2 minutes,"Yes, I did.",Excellent,Strongly agree,,,
L163,77,1.2833333333333334,1 to under 2 minutes,"Yes, I did.",Excellent,Strongly agree,,,
L150,78,1.3,1 to under 2 minutes,"Yes, I did.",Excellent,Neither agree nor disagree,It was straightforward and helpful,None,No
L101,79,1.3166666666666667,1 to under 2 minutes,"Yes, I did.",Good,Somewhat agree,Where the professor was clear and direct with what was needed for mastery,Better examples of what is needed,No
L125,84,1.4,1 to under 2 minutes,"Yes, I did.",Excellent,Strongly agree,,,
L083,85,1.4166666666666667,1 to under 2 minutes,"Yes, I did.",Excellent,Strongly agree,,,
L080,88,1.4666666666666666,1 to under 2 minutes,"Yes, I did.",Excellent,Somewhat agree,,,
L149,93,1.55,1 to under 2 minutes,"Yes, I did.",Good,Somewhat agree,,,
L002,101,1.6833333333333333,1 to under 2 minutes,"Yes, I did.",Excellent,Somewhat agree,,,
L062,101,1.6833333333333333,1 to under 2 minutes,"Yes, I did.",Good,Somewhat agree,,,
L016,102,1.7,1 to under 2 minutes,"Yes, I did.",Excellent,Neither agree nor disagree,New ideas on how to extend curriculum,NA,NA
L007,103,1.7166666666666666,1 to under 2 minutes,"No, I didn't.",Excellent,Somewhat agree,,,
L094,104,1.7333333333333334,1 to under 2 minutes,"Yes, I did.",Excellent,Somewhat disagree,Very easy to understand and access.,None,No
L111,104,1.7333333333333334,1 to under 2 minutes,"Yes, I did.",Excellent,Strongly agree,To understand more,,
L046,106,1.7666666666666666,1 to under 2 minutes,Unsure,Excellent,Strongly disagree,,,
L065,110,1.8333333333333333,1 to under 2 minutes,"Yes, I did.",Excellent,Strongly disagree,The teachers feedbacm,Open grading,N/a
L039,114,1.9,1 to under 2 minutes,"Yes, I did.",Good,Somewhat agree,,,
L063,114,1.9,1 to under 2 minutes,"No, I didn't.",Good,Strongly agree,,,
L001,116,1.9333333333333333,1 to under 2 minutes,"Yes, I did.",Good,Neither agree nor disagree,,,
L128,118,1.9666666666666666,1 to under 2 minutes,"Yes, I did.",Good,Strongly agree,It was very specific and helped me better understand the assignment,I thought everything was great,"I like learning about the AI. Thought that it was a good tool to learn, especially moving forward in the world. We are in today."
L158,6446,107.43333333333334,Over 1 hour,"Yes, I did.",Excellent,Strongly agree,The contributions and suggestions received so clearly and professionally from the instructor,None,"Personally, I would like to delve deeper into AI tools in order to apply them to early Childhood education."
L119,8056,134.26666666666668,Over 1 hour,"Yes, I did.",Excellent,Strongly agree,"El aspecto más valioso del proceso de calificación y retroalimentación para esta tarea fue recibir comentarios que me ayudaron a identificar qué estaba haciendo bien y qué podía mejorar. La retroalimentación me permitió comprender mejor cómo planificar actividades. Gracias a esas observaciones, pude fortalecer mi forma de planificar las actividades y hacerlas más intencionales, siempre enfocándome en las necesidades e intereses de los niños.",todo está perfecto a mi entender,Creo que todo está bien y se puede seguir mejorando
L019,87639,1460.65,Over 1 hour,"Yes, I did.",Excellent,Strongly agree,"The grading response time was on time, and the comments were specific and easy to understand.",I would not make any changes.,No
L137,95645,1594.0833333333333,Over 1 hour,"Yes, I did.",Good,Somewhat agree,Honestly the urge to know my grading and know the feedback.,none.,None.
L151,339356,5655.933333333333,Over 1 hour,"Yes, I did.",Excellent,Somewhat agree,Individualized and accepting of difficulties with meeting criteria in a special education classroom,Updates on when assignment will receive feedback,Hope it is an aide not a human replacement
