response_id,progress,finished,instructor_cohorts,gender,educator_experience,prior_ai_experience,prior_ai_grading_tool,review_time,time_impact,workflow_fit,workflow_comment,rubric_alignment,feedback_clarity,score_accuracy,score_trust,current_model_appropriate,continuation_recommendation,continuation_modification_text,preferred_ai_model,additional_comment,progress_numeric,finished_flag,answer_count,primary_eligible,partial_substantive,preferred_model_group,instructor_cohorts_score,educator_experience_score,prior_ai_experience_score,review_time_score,time_impact_score,workflow_fit_score,rubric_alignment_score,feedback_clarity_score,score_accuracy_score,score_trust_score,current_model_appropriate_score,support_continuation,continuation_support_label,time_saving_binary,workflow_fit_positive,trust_positive,model_appropriate_positive,human_oversight_score,evaluation_item_count,ai_evaluation_index
R_1hwc8TLMkahAgnf,100,TRUE,6 or more cohorts,Female,20+,Some experience,No,11-15 minutes,Saved some time,Somewhat disagree,"Vollee has gotten better, but still does not fully understand phonological awareness in preschoolers giving mastery on assignments that include print knowledge-letter names/letter sounds, printed words/letters.",Disagree,Neutral,Poor,Somewhat disagree,Somewhat disagree,Discontinue,NA,AI provides a first-pass grade and feedback; I review and approve every submission.,"We are discouraging learners from copy/pasting AI tools, yet relying on an “advanced grading system” (AI-assisted evaluation) can feel contradictory. Instead, it would be beneficial to ensure instructors have a strong understanding of all course concepts so they can provide consistent, detailed, and human-centered feedback aligned to each of the four skills/strategies.",100,TRUE,17,TRUE,FALSE,Universal human review,4,5,2,4,1,2,2,3,1,2,2,0,Discontinue,Saved time,Neutral/disagree,Neutral/disagree,Neutral/disagree,2,4,0.25
R_3zZLnx0v7DdeeYh,100,TRUE,6 or more cohorts,Female,16-20,Some experience,No,More than 20 minutes,Saved some time,Somewhat agree,Everything worked well.,Agree,Agree,Good,Somewhat agree,Somewhat agree,Continue with modifications (please describe),For the invalid assignments to specify what's about,AI provides a first-pass grade and feedback; I review and approve every submission.,Not at all.,100,TRUE,18,TRUE,FALSE,Universal human review,4,4,2,6,1,4,4,4,3,4,4,1,Continue in some form,Saved time,Agree,Agree,Agree,2,4,0.729166667
R_6CZAJJbZIfqfjzG,100,TRUE,6 or more cohorts,Female,20+,Some experience,No,3-5 minutes,Saved significant time,Somewhat agree,What worked well was having help with grading the assignments.  What didn't work well was that the feedback formatting made it difficult to read.,Agree,Agree,Excellent,Strongly agree,Strongly agree,Continue with modifications (please describe),Improve the formatting of the feedback.,AI flags low-confidence submissions for my review; the rest are auto-finalized,NA,100,TRUE,17,TRUE,FALSE,Limited human review,4,5,2,2,2,4,4,4,4,5,5,1,Continue in some form,Saved time,Agree,Agree,Agree,1,4,0.875
R_3GFQYoGvlDlOLxT,100,TRUE,6 or more cohorts,Female,20+,Extensive experience,No,11-15 minutes,Saved significant time,Somewhat agree,"From my perspective, the AI-assisted grading workflow worked well because it saved time when grading assignment #3 and helped generate feedback aligned with the provided rubric.",Agree,Agree,Good,Strongly agree,Somewhat agree,Continue with modifications (please describe),"The AI-assisted grading process is accurate and effective; however, its limitation to PDF or Word document submissions can create challenges for some practitioners who may not have access to the tools or resources needed to convert their assignments into the required formats.",AI provides a first-pass grade and feedback; I review and approve every submission.,"AI-assisted grading is useful for saving time and generating structured feedback, however, human review remains important to ensure feedback is personalized and accurately reflects student work. Improving submission accessibility would also make the system more user friendly for practitioners with limited technical resources.",100,TRUE,18,TRUE,FALSE,Universal human review,4,5,3,4,2,4,4,4,3,5,4,1,Continue in some form,Saved time,Agree,Agree,Agree,2,4,0.791666667
R_14Lzu12AhktN0eB,100,TRUE,6 or more cohorts,Female,20+,Some experience,No,6-10 minutes,Saved some time,Somewhat agree,The AI-assisted grading is not personalized to the learner and does not provide the learner with feedback on how to improve their practice.,Agree,Agree,Good,Somewhat agree,Strongly agree,Continue as-is,NA,AI provides formative feedback only; I grade all submissions independently.,NA,100,TRUE,16,TRUE,FALSE,Human-led grading,4,5,2,3,1,4,4,4,3,4,5,1,Continue in some form,Saved time,Agree,Agree,Agree,3,4,0.729166667
R_1dB02fY3mh07MUX,100,TRUE,6 or more cohorts,Female,20+,No experience,No,16-20 minutes,Added some time,Somewhat agree,"From my perspective, while it did help with grading the assignments that it accepts as mastery, for those that it deemed non-mastery required a more precise grading criteria, especially when the reason for non-mastery was not very obvious or felt 'nit-picky' to me. This, of course, is excluding the invalids, assignment submitted in Spanish or blank forms.",Agree,Neutral,Fair,Somewhat disagree,Somewhat disagree,Discontinue,NA,AI provides a first-pass grade and feedback; I review and approve every submission.,NA,100,TRUE,16,TRUE,FALSE,Universal human review,4,5,0,5,-1,4,4,3,2,2,2,0,Discontinue,No saving or added time,Agree,Neutral/disagree,Neutral/disagree,2,4,0.458333333
R_1WAyql522uvacHF,100,TRUE,6 or more cohorts,Female,15-Nov,No experience,No,11-15 minutes,Made no difference,Somewhat disagree,May term was terribly delayed grading from Vollee.,Agree,Neutral,Fair,Somewhat agree,Neither agree nor disagree,Discontinue,NA,AI provides formative feedback only; I grade all submissions independently.,NA,100,TRUE,16,TRUE,FALSE,Human-led grading,4,3,0,4,0,2,4,3,2,4,3,0,Discontinue,No saving or added time,Neutral/disagree,Agree,Neutral/disagree,3,4,0.583333333
R_6851zJASwfUcoF3,100,TRUE,2-3 cohorts,Female,20+,Minimal experience,No,6-10 minutes,Made no difference,Neither agree nor disagree,"I understood the AI would grade deliverable 3, however it kept unsyncing from the LMS which would cause submissions to be delayed.",Agree,Neutral,Good,Somewhat agree,Neither agree nor disagree,Discontinue,NA,I have no strong preference.,NA,100,TRUE,16,TRUE,FALSE,No strong preference,2,5,1,3,0,3,4,3,3,4,3,0,Discontinue,No saving or added time,Neutral/disagree,Agree,Neutral/disagree,NA,4,0.666666667
R_65yJJ1jKnBnQlYS,100,TRUE,6 or more cohorts,Female,20+,Some experience,No,6-10 minutes,Saved some time,Neither agree nor disagree,NA,Agree,Agree,Good,Neither agree nor disagree,Somewhat agree,Continue with modifications (please describe),Adjusting the grade is not user friendly.,AI provides a first-pass grade and feedback; I review and approve every submission.,NA,100,TRUE,16,TRUE,FALSE,Universal human review,4,5,2,3,1,3,4,4,3,3,4,1,Continue in some form,Saved time,Neutral/disagree,Neutral/disagree,Agree,2,4,0.666666667
R_60ubrUpYbcQKE0N,100,TRUE,4-5 cohorts,Female,16-20,Some experience,No,3-5 minutes,Saved some time,Somewhat agree,NA,Agree,Disagree,Good,Somewhat agree,Somewhat agree,Discontinue,NA,AI provides a first-pass grade and feedback; I review and approve every submission.,NA,100,TRUE,15,TRUE,FALSE,Universal human review,3,4,2,2,1,4,4,2,3,4,4,0,Discontinue,Saved time,Agree,Agree,Agree,2,4,0.604166667
R_7Hbnt6Cfi7Tg4M0,100,TRUE,6 or more cohorts,Female,20+,Extensive experience,Yes,11-15 minutes,Saved some time,Somewhat agree,"It weeded out the assignments that were ""mastery"" and allowed me to focus on those that needed ""review"". Cuts the grading process in half allowing you to focus on those assignments that need review.",Agree,Agree,Good,Somewhat agree,Somewhat agree,Continue as-is,NA,AI flags low-confidence submissions for my review; the rest are auto-finalized,NA,100,TRUE,17,TRUE,FALSE,Limited human review,4,5,3,4,1,4,4,4,3,4,4,1,Continue in some form,Saved time,Agree,Agree,Agree,1,4,0.729166667
R_3Cf9kLDOAO65OV3,100,TRUE,6 or more cohorts,Female,16-20,Some experience,Not sure,16-20 minutes,Made no difference,Neither agree nor disagree,"From my perspective, Vollee can provide a useful starting point for feedback. However, there were times when the feedback felt somewhat generic or did not fully capture the nuance of student responses, requiring additional instructor review and adjustment. I also think it is important to maintain opportunities for personalized feedback and instructor judgment, especially in assignments that benefit from human interpretation and relationship-building.",Neutral,Neutral,Poor,Somewhat agree,Somewhat disagree,Discontinue,NA,AI provides formative feedback only; I grade all submissions independently.,"The AI-generated scores were somewhat helpful as a starting point, but I still relied heavily on professional judgement to ensure accuracy and fairness.
I think the current model is most appropriate when AI is used as a support tool rather than the primary grader.
I would support continuing AI-assisted grading if instructors remain actively involved in reviewing scores and personalizing feedback.
My preferred model is one where AI helps identify trends, draft comments, and suggest targeted recommendations/resources, while instructors make final grading decisions and provide meaningful formative feedback.
AI can help improve efficiency, but human feedback is still essential for nuance, context, and building student connection and growth.",100,TRUE,17,TRUE,FALSE,Human-led grading,4,4,2,5,0,3,3,3,1,4,2,0,Discontinue,No saving or added time,Neutral/disagree,Agree,Neutral/disagree,3,4,0.4375
R_6o78qAvPaw1nfhT,100,TRUE,6 or more cohorts,Female,16-20,Some experience,Yes,6-10 minutes,Made no difference,Neither agree nor disagree,"The platform glitches and often has errors that are not in alignment with the ask of the task. The number of ""clicks"" to access work and feedback are excessive.",Neutral,Disagree,Good,Somewhat agree,Strongly disagree,Discontinue,NA,AI provides formative feedback only; I grade all submissions independently.,NA,100,TRUE,16,TRUE,FALSE,Human-led grading,4,4,2,3,0,3,3,2,3,4,1,0,Discontinue,No saving or added time,Neutral/disagree,Agree,Neutral/disagree,3,4,0.541666667
R_50re8A7KwJJ5cBT,100,TRUE,4-5 cohorts,Female,20+,Some experience,No,3-5 minutes,Saved significant time,Somewhat agree,I feel that the AI assistance helped by saving time and providing feedback on necessary corrections.,Agree,Agree,Good,Somewhat agree,Strongly agree,Continue as-is,NA,AI provides a first-pass grade and feedback; I review and approve every submission.,NA,100,TRUE,16,TRUE,FALSE,Universal human review,3,5,2,2,2,4,4,4,3,4,5,1,Continue in some form,Saved time,Agree,Agree,Agree,2,4,0.729166667
R_5lh6XTRIAqJe1g6,100,TRUE,6 or more cohorts,Female,20+,Some experience,No,6-10 minutes,Saved some time,Somewhat disagree,"I found that even though I had connected Vollee to my Brightspace, it would disconnect every few days and I had to keep going back and making sure it stayed connected.",Strongly disagree,Agree,Excellent,Strongly agree,Strongly agree,Continue with modifications (please describe),It is still time consuming to follow up.,I have no strong preference.,NA,100,TRUE,17,TRUE,FALSE,No strong preference,4,5,2,3,1,2,1,4,4,5,5,1,Continue in some form,Saved time,Neutral/disagree,Agree,Agree,NA,4,0.6875
R_1wi9w2zLcWzHyIB,100,TRUE,6 or more cohorts,Female,20+,Some experience,Yes,11-15 minutes,Saved some time,Somewhat disagree,"It's just a bit weird because it's one assignment of the four so it's different for the instructors and the students. It can just be a little confusing and it's a different process. Nothing wrong with that really, but it doesn't seamlessly fit into the established workflow.",Agree,Agree,Good,Somewhat agree,Somewhat agree,Continue as-is,NA,AI provides a first-pass grade and feedback; I review and approve every submission.,NA,100,TRUE,16,TRUE,FALSE,Universal human review,4,5,2,4,1,2,4,4,3,4,4,1,Continue in some form,Saved time,Neutral/disagree,Agree,Agree,2,4,0.729166667
R_3ugJZeQqqSzsBsB,100,TRUE,6 or more cohorts,Female,20+,Minimal experience,No,11-15 minutes,Saved some time,Somewhat agree,"What worked well with the AI-assisted grading, was it saved me time when the assignment was corrected according to the rubric and the learner was not having trouble understanding and engaging in her assignment. If the learner needed assistance with social emotional support, thought process, or reflecting on her work, the feedback from AI was not sufficient to help in her/his understanding.",Agree,Agree,Good,Somewhat agree,Somewhat agree,Continue with modifications (please describe),"The current model of AI-assisted grading and feedback in this course is follows the rubrics but needs two basic components for this group of learners. One, it needs to understand the Spanish language, it needs to give feedback in a more personal level. The learner may be very hardworking but does not fully understand technological factors and has difficulty navigating the course, may be embarrassed to contact the Help Desk, and is in need of cheerleading.",AI provides formative feedback only; I grade all submissions independently.,NA,100,TRUE,17,TRUE,FALSE,Human-led grading,4,5,1,4,1,4,4,4,3,4,4,1,Continue in some form,Saved time,Agree,Agree,Agree,3,4,0.729166667
R_3j0TmN7GxAGyThY,100,TRUE,6 or more cohorts,Female,20+,Some experience,No,16-20 minutes,Saved some time,Neither agree nor disagree,"The AI system worked well for me this term, other than having to go in and manually do the last couple of assignments. Almost all of mine were mastery so I did not have to assist much in grading.",Agree,Agree,Good,Somewhat agree,Somewhat agree,Continue as-is,NA,AI grades and delivers feedback automatically; I spot-check a random sample.,Not at this time.,100,TRUE,17,TRUE,FALSE,Limited human review,4,5,2,5,1,3,4,4,3,4,4,1,Continue in some form,Saved time,Neutral/disagree,Agree,Agree,1,4,0.729166667
R_7MbC0vBMguNzRQI,100,TRUE,6 or more cohorts,Female,20+,Minimal experience,No,6-10 minutes,Saved some time,Neither agree nor disagree,NA,Neutral,Strongly disagree,Good,Somewhat agree,Strongly agree,Continue as-is,NA,I have no strong preference.,NA,100,TRUE,15,TRUE,FALSE,No strong preference,4,5,1,3,1,3,3,1,3,4,5,1,Continue in some form,Saved time,Neutral/disagree,Agree,Agree,NA,4,0.479166667
R_14mX4hy8LZxURq1,100,TRUE,6 or more cohorts,Female,20+,Minimal experience,No,11-15 minutes,Saved some time,Neither agree nor disagree,"The AI-assisted grading workflow helped save some time and provided a good starting point for feedback.  One challenge was that it sometimes only recognized certain file formats and had difficulty with submissions that were not uniform, which required additional review. At times, the feedback also needed adjustments to better reflect the participant's work and provide a more personal touch. It was a helpful tool, but instructor review was still important.",Agree,Agree,Fair,Somewhat agree,Strongly agree,Continue with modifications (please describe),AI grades are all reviewed by a human,AI provides a first-pass grade and feedback; I review and approve every submission.,na,100,TRUE,18,TRUE,FALSE,Universal human review,4,5,1,4,1,3,4,4,2,4,5,1,Continue in some form,Saved time,Neutral/disagree,Agree,Agree,2,4,0.645833333
R_3BwWZgOmEX3iRUs,100,TRUE,6 or more cohorts,Female,20+,Some experience,No,6-10 minutes,Saved significant time,Strongly agree,AI allowed me more time for me to facilitate other things in the course.,Agree,Agree,Good,Somewhat agree,Somewhat agree,Continue as-is,NA,AI provides a first-pass grade and feedback; I review and approve every submission.,No,100,TRUE,17,TRUE,FALSE,Universal human review,4,5,2,3,2,5,4,4,3,4,4,1,Continue in some form,Saved time,Agree,Agree,Agree,2,4,0.729166667
R_6KBp4U1P9RMjbtT,100,TRUE,6 or more cohorts,Female,20+,Minimal experience,No,11-15 minutes,Saved some time,Strongly agree,"Over time, we have been using Vollee, and I feel it has become better aligned with our rubrics and similar to my own feedback when grading. In addition, encouraging learners to use DOCX and PDF in Part 1 courses has decreased their attempts at submitting assignments to Vollee in any other format, minimizing the need for invalid resubmissions in Assignment #3. Messaging to Learners about Vollee in advance has also helped in their understanding of the shift for this specific assignment.",Agree,Agree,Good,Somewhat agree,Strongly agree,Continue as-is,NA,AI flags low-confidence submissions for my review; the rest are auto-finalized,N/A,100,TRUE,17,TRUE,FALSE,Limited human review,4,5,1,4,1,5,4,4,3,4,5,1,Continue in some form,Saved time,Agree,Agree,Agree,1,4,0.729166667
R_50J0crvZW07GOYC,100,TRUE,6 or more cohorts,Female,20+,Minimal experience,No,More than 20 minutes,Added some time,Somewhat disagree,"The AI tool saved time as far as it graded a portion of Assignment 3, but I still had to take time to review submissions for Mastery/Non-Mastery or Invalid and provide feedback on non-Mastery and Invalid assignments. I felt it involved a lot of work and the compensation was minimal compared to the instructor expectations for Assignment 3.",Neutral,Disagree,Poor,Neither agree nor disagree,Somewhat disagree,Discontinue,NA,AI provides formative feedback only; I grade all submissions independently.,I hope to continue the opportunity to provide real feedback that gives the learners a human connection.,100,TRUE,17,TRUE,FALSE,Human-led grading,4,5,1,6,-1,2,3,2,1,3,2,0,Discontinue,No saving or added time,Neutral/disagree,Neutral/disagree,Neutral/disagree,3,4,0.3125
R_3uDKRlMM6Dy4YY3,100,TRUE,6 or more cohorts,Female,20+,Minimal experience,No,6-10 minutes,Saved some time,Somewhat agree,Vollee was not always quick. Sometimes there was a several day wait period.,Agree,Agree,Good,Somewhat agree,Strongly agree,Continue as-is,NA,AI flags low-confidence submissions for my review; the rest are auto-finalized,NA,100,TRUE,16,TRUE,FALSE,Limited human review,4,5,1,3,1,4,4,4,3,4,5,1,Continue in some form,Saved time,Agree,Agree,Agree,1,4,0.729166667
R_6FVuHh6yfubqLs1,100,TRUE,6 or more cohorts,Female,20+,Some experience,Yes,6-10 minutes,Saved significant time,Somewhat agree,NA,Agree,Agree,Fair,Strongly agree,Strongly agree,Continue as-is,NA,I have no strong preference.,NA,100,TRUE,15,TRUE,FALSE,No strong preference,4,5,2,3,2,4,4,4,2,5,5,1,Continue in some form,Saved time,Agree,Agree,Agree,NA,4,0.708333333
R_7sbojaXsI5YzAKR,100,TRUE,6 or more cohorts,Female,20+,Minimal experience,No,11-15 minutes,Saved some time,Somewhat agree,NA,Agree,Agree,Excellent,Strongly agree,Strongly agree,Continue as-is,NA,AI provides a first-pass grade and feedback; I review and approve every submission.,NA,100,TRUE,15,TRUE,FALSE,Universal human review,4,5,1,4,1,4,4,4,4,5,5,1,Continue in some form,Saved time,Agree,Agree,Agree,2,4,0.875
R_1SIhOPr63zoQGxZ,100,TRUE,6 or more cohorts,Female,20+,Extensive experience,No,3-5 minutes,Saved some time,Somewhat agree,"As a new tool, it has its challenges, but it is always useful to read and learn from another perspective on the students’ work.",Agree,Agree,Fair,Somewhat agree,Somewhat agree,Continue as-is,NA,AI provides a first-pass grade and feedback; I review and approve every submission.,I suggest using AI with another assignment. Phonological Awareness is a topic I prefer to evaluate myself because it is challenging. Maybe give AI the assignment on how to engage families in their children’s emergent reading and writing development. Just a suggestion.,100,TRUE,17,TRUE,FALSE,Universal human review,4,5,3,2,1,4,4,4,2,4,4,1,Continue in some form,Saved time,Agree,Agree,Agree,2,4,0.645833333
R_3ieWmGFJKPLeMWC,100,TRUE,6 or more cohorts,Female,20+,Some experience,No,11-15 minutes,Made no difference,Neither agree nor disagree,"Vollee provides some feedback as to why the assignment was returned, but sometimes the feedback seemed very rigid and the assignment could have been determined mastery and not as low as indicated.",Agree,Agree,Good,Somewhat agree,Somewhat agree,Continue as-is,NA,AI flags low-confidence submissions for my review; the rest are auto-finalized,NA,100,TRUE,16,TRUE,FALSE,Limited human review,4,5,2,4,0,3,4,4,3,4,4,1,Continue in some form,No saving or added time,Neutral/disagree,Agree,Agree,1,4,0.729166667
R_3oQuFYSCb5m1VSx,100,TRUE,6 or more cohorts,Female,16-20,Minimal experience,No,6-10 minutes,Made no difference,Somewhat disagree,Regarding the workflow there was no major issues with the AI assisted grading. It was a little frustrating toggling between platforms but that is the only drawback.,Disagree,Neutral,Fair,Somewhat agree,Neither agree nor disagree,Continue with modifications (please describe),We probably need to have more integrity checks to make sure the assignments really meet Mastery. There were many that were scored Mastery and I was surprised.,AI grades and delivers feedback automatically; I spot-check a random sample.,NA,100,TRUE,17,TRUE,FALSE,Limited human review,4,4,1,3,0,2,2,3,2,4,3,1,Continue in some form,No saving or added time,Neutral/disagree,Agree,Neutral/disagree,1,4,0.458333333
R_3ixL7F7RkvcLyy3,100,TRUE,6 or more cohorts,Female,20+,Some experience,No,3-5 minutes,Saved significant time,Somewhat agree,"Overall, for me, the workflow was most effective as a first‑pass assistant rather than a fully autonomous grader. It improved efficiency and consistency but still required careful instructor oversight to ensure accuracy and meaningful feedback.",Agree,Agree,Good,Somewhat agree,Somewhat agree,Continue with modifications (please describe),"The system is helpful for efficiency and consistency, but the non‑mastery feedback needs to be more specific. Instead of simply flagging an issue and waiting for instructor review, the AI should clearly state what the learner needs to fix so they can revise and resubmit independently. Improving this aspect would make the workflow much smoother for both learners and instructors.",AI provides formative feedback only; I grade all submissions independently.,One thing I’d add is the importance of continuing to refine the clarity and usefulness of AI‑generated feedback. Improving how the system explains non‑mastery issues and increasing transparency in how it evaluates responses would make the tool more effective for both instructors and students.,100,TRUE,18,TRUE,FALSE,Human-led grading,4,5,2,2,2,4,4,4,3,4,4,1,Continue in some form,Saved time,Agree,Agree,Agree,3,4,0.729166667
R_1giuY0J1AvV3y5Q,100,TRUE,6 or more cohorts,Female,20+,Some experience,No,6-10 minutes,Saved some time,Neither agree nor disagree,It did help but I found myself rechecking the work. Do not trust it 100%.,Agree,Neutral,Good,Somewhat agree,Neither agree nor disagree,Continue as-is,NA,AI provides a first-pass grade and feedback; I review and approve every submission.,NA,100,TRUE,16,TRUE,FALSE,Universal human review,4,5,2,3,1,3,4,3,3,4,3,1,Continue in some form,Saved time,Neutral/disagree,Agree,Neutral/disagree,2,4,0.666666667
